community_id,student_id,bl_language,bl_mathematics,el1_prediction_lang,el1_prediction_maths,el1_lang_confidence,el1_maths_confidence,el2_prediction_lang,el2_prediction_maths,el2_lang_confidence,el2_maths_confidence,el3_prediction_lang,el3_prediction_maths,el3_lang_confidence,el3_maths_confidence
214.0,496.0,2,3,3,3,0.61470526,0.8503759,3,4,0.4822461,0.5306742,4,4,0.7591208,0.93526983
251.0,299.0,2,2,2,3,0.44391826,0.7296725,4,3,0.47457474,0.55338997,4,4,0.758345,0.9730813
189.0,329.0,1,2,2,2,0.4852916,0.7037747,2,2,0.43422282,0.4145686,3,4,0.54814774,0.82394516
249.0,432.0,2,2,3,3,0.47339347,0.52378696,4,4,0.49225643,0.66727394,4,4,0.7763273,0.95809233
206.0,387.0,1,3,1,4,0.47182736,0.5270002,2,4,0.40510687,0.8922327,3,4,0.33690515,0.98280877
219.0,414.0,2,2,3,3,0.72718734,0.8124519,3,4,0.53521806,0.52136123,4,4,0.70328736,0.94085443
214.0,497.0,2,2,3,3,0.60737896,0.8127531,3,3,0.47144794,0.5796938,4,4,0.7165805,0.9301991
256.0,441.0,1,2,2,3,0.7208012,0.8627551,2,4,0.6407863,0.5566954,3,4,0.39853057,0.7999327
256.0,450.0,4,3,4,4,0.923837,0.89404416,4,4,0.941522,0.9805398,4,4,0.953475,0.994706
214.0,498.0,1,2,2,3,0.4800361,0.8127531,2,3,0.4107499,0.5796938,3,4,0.59943104,0.9301991
212.0,405.0,2,3,3,3,0.50889415,0.90261126,3,3,0.59686977,0.6744913,4,4,0.5605026,0.77132076
242.0,369.0,3,2,4,2,0.6752594,0.47078484,4,3,0.8430742,0.51828486,4,4,0.9483479,0.8188491
189.0,319.0,1,2,2,2,0.4852916,0.7037747,2,2,0.43422282,0.4145686,3,4,0.54814774,0.82394516
177.0,300.0,0,0,1,1,0.60028577,0.88957596,1,1,0.66001,0.9499937,2,3,0.45032746,0.44511548
206.0,370.0,1,2,2,3,0.5498007,0.7919797,2,4,0.39656675,0.6702555,3,4,0.3610518,0.8969019
177.0,310.0,0,0,1,1,0.4777337,0.963055,1,1,0.6510267,0.8272903,2,3,0.47675958,0.35431886
245.0,487.0,0,0,1,1,0.74654996,0.92952055,2,1,0.45444188,0.68271315,2,2,0.35048258,0.7131976
249.0,433.0,3,2,4,2,0.7345697,0.6627766,4,3,0.87188005,0.5919019,4,4,0.94275355,0.776677
203.0,291.0,2,2,3,3,0.4797251,0.564892,3,3,0.5407668,0.8073888,4,4,0.72608817,0.8158216
258.0,406.0,0,2,1,3,0.65872604,0.7613538,2,4,0.46513602,0.60357475,2,4,0.4587067,0.88562006
219.0,415.0,1,2,2,3,0.54282916,0.8124519,2,4,0.57278043,0.52136123,2,4,0.43666527,0.94085443
256.0,442.0,2,2,2,3,0.55040956,0.8627551,4,4,0.44930843,0.5566954,4,4,0.7720949,0.7999327
256.0,451.0,3,3,4,4,0.78539836,0.89404416,4,4,0.8962148,0.9805398,4,4,0.949551,0.994706
206.0,397.0,2,2,3,2,0.48363397,0.52204454,3,3,0.51566035,0.498396,4,4,0.6618083,0.59706146
208.0,469.0,2,2,3,2,0.604972,0.7650269,3,3,0.53127164,0.69178325,4,3,0.7381893,0.78250086
181.0,360.0,3,3,4,3,0.7907377,0.82773775,4,4,0.7949757,0.770366,4,4,0.95646036,0.98924994
187.0,340.0,0,0,1,1,0.6896132,0.57765174,1,2,0.45113218,0.9475633,2,2,0.42248613,0.68002254
214.0,504.0,2,2,3,3,0.60737896,0.8127531,3,3,0.47144794,0.5796938,4,4,0.7165805,0.9301991
204.0,478.0,3,2,4,2,0.75080323,0.527649,4,3,0.9336424,0.61218363,4,4,0.9701147,0.8178176
251.0,320.0,4,4,4,4,0.9728133,0.983975,4,4,0.9750369,0.9967307,4,4,0.97894204,0.9976809
225.0,511.0,4,3,4,4,0.98689526,0.9136725,4,4,0.9895629,0.9826215,4,4,0.99014145,0.9966466
193.0,407.0,1,2,2,3,0.5193198,0.6857332,2,3,0.46291506,0.7162457,4,4,0.36795083,0.62652093
189.0,331.0,1,2,2,2,0.49327707,0.9043869,2,3,0.44731346,0.4776694,3,4,0.5651223,0.4564518
181.0,341.0,4,3,4,3,0.9448732,0.7149859,4,4,0.93168694,0.908596,4,4,0.97688204,0.99731845
245.0,479.0,0,0,1,1,0.6745168,0.98351663,1,1,0.5368821,0.87593293,2,2,0.42913944,0.65315574
258.0,389.0,2,2,3,3,0.510874,0.7613538,4,4,0.45617557,0.60357475,4,4,0.8633976,0.88562006
251.0,311.0,3,3,4,4,0.73608524,0.50023484,4,4,0.87698627,0.96908635,4,4,0.9370002,0.99752647
243.0,513.0,4,3,4,3,0.9627071,0.53633255,4,4,0.9776739,0.7549261,4,4,0.98091954,0.97463006
189.0,321.0,0,0,1,1,0.6158046,0.9705128,1,2,0.48190537,0.6802839,2,1,0.5001189,0.39787692
219.0,416.0,1,2,2,3,0.5887259,0.76382285,2,3,0.6538847,0.5094739,2,4,0.4756385,0.74931675
208.0,470.0,2,2,3,2,0.604972,0.7650269,3,3,0.53127164,0.69178325,4,3,0.7381893,0.78250086
206.0,371.0,1,2,2,3,0.5498007,0.7919797,2,4,0.39656675,0.6702555,3,4,0.3610518,0.8969019
256.0,443.0,0,0,1,1,0.8033335,0.9909787,1,2,0.58921254,0.94523555,2,2,0.5010258,0.6752889
256.0,452.0,1,2,2,3,0.73840046,0.8299494,2,4,0.56856847,0.60276926,3,4,0.49290857,0.83344203
214.0,505.0,1,2,2,3,0.4800361,0.8127531,2,3,0.4107499,0.5796938,3,4,0.59943104,0.9301991
208.0,461.0,0,0,1,1,0.5822765,0.982967,1,1,0.41925418,0.9615338,2,2,0.36365107,0.40091744
243.0,516.0,2,3,3,3,0.5914891,0.53633255,4,4,0.5468558,0.7549261,4,4,0.76020676,0.97463006
193.0,361.0,2,2,2,2,0.48968622,0.5991586,3,3,0.45453116,0.6702615,4,4,0.75636435,0.533807
203.0,292.0,2,2,3,3,0.5408526,0.50733936,3,3,0.6370774,0.6990551,4,4,0.7259958,0.7510857
245.0,488.0,2,2,3,3,0.4450128,0.55717355,4,3,0.72396547,0.64868087,4,4,0.9269923,0.7367302
206.0,380.0,1,3,2,3,0.5231054,0.70897466,2,4,0.43255815,0.81632423,3,4,0.3490893,0.98337895
193.0,362.0,2,2,2,2,0.48968622,0.5991586,3,3,0.45453116,0.6702615,4,4,0.75636435,0.533807
204.0,489.0,3,2,4,2,0.75080323,0.527649,4,3,0.9336424,0.61218363,4,4,0.9701147,0.8178176
219.0,417.0,2,3,3,4,0.75658685,0.55229926,3,4,0.5630335,0.8724759,4,4,0.70102966,0.96854705
256.0,453.0,4,3,4,4,0.923837,0.89404416,4,4,0.941522,0.9805398,4,4,0.953475,0.994706
258.0,408.0,1,2,2,3,0.50590974,0.57162195,2,4,0.4634353,0.6744305,4,4,0.3653905,0.8907798
251.0,302.0,2,3,3,3,0.49465337,0.50924027,4,4,0.50916857,0.9365524,4,4,0.744875,0.99175924
249.0,435.0,3,2,4,3,0.75286907,0.52378696,4,4,0.88592345,0.66727394,4,4,0.94816923,0.95809233
250.0,506.0,2,3,3,3,0.775789,0.78583795,3,4,0.48568088,0.7233264,4,4,0.6186549,0.98610824
207.0,131.0,1,3,2,3,0.515126,0.5119657,2,4,0.4039385,0.95050544,4,4,0.36099455,0.9944359
207.0,133.0,1,2,2,3,0.515126,0.6954881,2,4,0.4039385,0.65295964,4,4,0.36099455,0.9240104
204.0,480.0,3,2,4,2,0.75080323,0.527649,4,3,0.9336424,0.61218363,4,4,0.9701147,0.8178176
209.0,472.0,2,3,3,3,0.76698416,0.7217066,4,4,0.52727515,0.75097513,4,4,0.68173885,0.99254155
212.0,400.0,2,3,3,3,0.48166874,0.92624396,3,4,0.5733413,0.7441678,4,4,0.5378422,0.9648183
188.0,333.0,2,2,3,3,0.63339376,0.58247966,3,3,0.47955132,0.7392828,4,4,0.8069589,0.7903812
181.0,343.0,2,2,3,3,0.46457136,0.7123883,3,4,0.61463314,0.61778367,4,4,0.7491393,0.89359367
219.0,418.0,2,4,3,4,0.75658685,0.9853638,3,4,0.5630335,0.9959896,4,4,0.70102966,0.99885476
249.0,427.0,2,2,3,3,0.47339347,0.52378696,4,4,0.49225643,0.66727394,4,4,0.7763273,0.95809233
206.0,373.0,1,2,2,3,0.5498007,0.7919797,2,4,0.39656675,0.6702555,3,4,0.3610518,0.8969019
180.0,454.0,4,3,4,4,0.9371935,0.7329278,4,4,0.9528816,0.6675553,4,4,0.96534026,0.9803033
256.0,445.0,4,2,4,3,0.8915657,0.7244883,4,4,0.93581384,0.5178415,4,4,0.94038624,0.543589
249.0,436.0,3,2,4,3,0.75286907,0.52378696,4,4,0.88592345,0.66727394,4,4,0.94816923,0.95809233
245.0,490.0,2,2,3,3,0.4450128,0.55717355,4,3,0.72396547,0.64868087,4,4,0.9269923,0.7367302
207.0,134.0,1,2,2,3,0.515126,0.6954881,2,4,0.4039385,0.65295964,4,4,0.36099455,0.9240104
207.0,132.0,1,2,2,3,0.515126,0.6954881,2,4,0.4039385,0.65295964,4,4,0.36099455,0.9240104
207.0,135.0,1,3,2,3,0.515126,0.5119657,2,4,0.4039385,0.95050544,4,4,0.36099455,0.9944359
207.0,282.0,2,4,3,4,0.5274549,0.99768674,4,4,0.5824574,0.9995602,4,4,0.8365163,0.9996063
207.0,283.0,1,3,2,4,0.48917302,0.6264469,2,4,0.42274877,0.925658,4,4,0.31275868,0.99477553
189.0,323.0,2,2,3,2,0.6066932,0.8989983,4,3,0.4584529,0.6115622,4,3,0.77286124,0.4986738
250.0,507.0,3,2,4,3,0.6841244,0.64177275,4,3,0.8465091,0.63897496,4,4,0.952843,0.86798066
180.0,363.0,3,2,4,3,0.8697598,0.7714834,4,3,0.9236673,0.8052297,4,4,0.9509664,0.64049584
249.0,437.0,4,4,4,3,0.9400765,0.5617247,4,4,0.9634758,0.9171871,4,4,0.97512203,0.98946315
250.0,508.0,1,2,2,3,0.45298102,0.64177275,2,3,0.49858922,0.63897496,2,4,0.35203964,0.86798066
206.0,383.0,1,2,2,2,0.5231054,0.52204454,2,3,0.43255815,0.498396,3,4,0.3490893,0.59706146
249.0,428.0,2,2,3,3,0.47339347,0.52378696,4,4,0.49225643,0.66727394,4,4,0.7763273,0.95809233
256.0,446.0,2,2,2,3,0.4882802,0.7244883,3,4,0.4542025,0.5178415,4,4,0.76799697,0.543589
251.0,294.0,1,3,2,4,0.66621345,0.50023484,2,4,0.5417526,0.96908635,2,4,0.41646743,0.99752647
206.0,392.0,2,2,3,3,0.5725877,0.7919797,3,4,0.5019486,0.6702555,4,4,0.6898478,0.8969019
181.0,344.0,3,2,4,3,0.84254205,0.7123883,4,4,0.82894605,0.61778367,4,4,0.9653314,0.89359367
251.0,304.0,3,2,4,3,0.8407048,0.7296725,4,3,0.90586716,0.55338997,4,4,0.95612156,0.9730813
258.0,401.0,1,2,2,3,0.50581163,0.7613538,2,4,0.497339,0.60357475,4,4,0.34476537,0.88562006
207.0,284.0,2,4,3,4,0.5274549,0.99768674,4,4,0.5824574,0.9995602,4,4,0.8365163,0.9996063
207.0,285.0,1,4,2,4,0.48917302,0.99768674,2,4,0.42274877,0.9995602,4,4,0.31275868,0.9996063
207.0,286.0,2,4,3,4,0.5274549,0.99768674,4,4,0.5824574,0.9995602,4,4,0.8365163,0.9996063
207.0,287.0,2,4,3,4,0.49100515,0.99853456,4,4,0.58666575,0.9997665,4,4,0.85860556,0.99982554
207.0,288.0,1,4,2,4,0.48843127,0.99853456,2,4,0.39756742,0.9997665,4,4,0.37865874,0.99982554
245.0,491.0,1,2,2,3,0.6136377,0.55717355,3,3,0.5008646,0.64868087,4,4,0.53051746,0.7367302
189.0,324.0,2,2,3,2,0.57022375,0.9043869,3,3,0.49803755,0.4776694,4,4,0.73852414,0.4564518
251.0,295.0,2,3,3,3,0.49465337,0.50924027,4,4,0.50916857,0.9365524,4,4,0.744875,0.99175924
226.0,209.0,3,2,4,3,0.8698869,0.72669864,4,4,0.9729575,0.5899834,4,4,0.982239,0.9494648
212.0,402.0,2,2,3,2,0.50889415,0.82949823,3,3,0.59686977,0.7346055,4,4,0.5605026,0.57604873
251.0,325.0,3,3,4,4,0.73608524,0.50023484,4,4,0.87698627,0.96908635,4,4,0.9370002,0.99752647
204.0,517.0,2,2,3,3,0.7830391,0.55154526,4,3,0.58069175,0.6280976,4,4,0.7455437,0.87761945
193.0,365.0,1,2,2,3,0.5193198,0.6857332,2,3,0.46291506,0.7162457,4,4,0.36795083,0.62652093
209.0,474.0,2,2,3,3,0.80192274,0.5252821,4,3,0.5018924,0.9056089,4,4,0.6946133,0.65377605
219.0,420.0,1,2,2,3,0.5659648,0.7233097,2,3,0.58264494,0.51344544,2,4,0.4137424,0.8095005
251.0,315.0,4,2,4,3,0.9728133,0.5606673,4,3,0.9750369,0.7448562,4,4,0.97894204,0.8512089
256.0,447.0,2,3,2,4,0.4882802,0.69606227,3,4,0.4542025,0.9560274,4,4,0.76799697,0.96760255
256.0,456.0,4,4,4,4,0.923837,0.9973611,4,4,0.941522,0.9995838,4,4,0.953475,0.99962807
207.0,289.0,1,4,2,4,0.48843127,0.99853456,2,4,0.39756742,0.9997665,4,4,0.37865874,0.99982554
206.0,375.0,1,2,2,3,0.5498007,0.7919797,2,4,0.39656675,0.6702555,3,4,0.3610518,0.8969019
184.0,335.0,2,3,3,3,0.5998777,0.58537096,4,4,0.6824246,0.96404535,4,4,0.85599345,0.9955883
204.0,492.0,2,2,3,2,0.7926816,0.527649,4,3,0.6100808,0.61218363,4,4,0.7878696,0.8178176
249.0,438.0,4,4,4,3,0.9400765,0.5617247,4,4,0.9634758,0.9171871,4,4,0.97512203,0.98946315
224.0,509.0,1,0,2,1,0.54647774,0.9773122,2,1,0.61255306,0.51719975,3,1,0.37867767,0.41302562
206.0,394.0,2,2,3,3,0.5725877,0.7919797,3,4,0.5019486,0.6702555,4,4,0.6898478,0.8969019
249.0,430.0,2,2,3,3,0.47339347,0.52378696,4,4,0.49225643,0.66727394,4,4,0.7763273,0.95809233
189.0,326.0,2,2,3,2,0.57022375,0.9043869,3,3,0.49803755,0.4776694,4,4,0.73852414,0.4564518
219.0,412.0,1,2,2,3,0.54282916,0.8124519,2,4,0.57278043,0.52136123,2,4,0.43666527,0.94085443
251.0,306.0,4,3,4,3,0.9728133,0.50924027,4,4,0.9750369,0.9365524,4,4,0.97894204,0.99175924
243.0,520.0,2,2,3,2,0.5914891,0.59614414,4,3,0.5468558,0.82205707,4,3,0.76020676,0.66266704
243.0,512.0,3,2,4,3,0.7685408,0.8145071,4,3,0.91010636,0.55939007,4,4,0.9576339,0.89159274
180.0,493.0,4,3,4,4,0.9233184,0.81547594,4,4,0.9615399,0.7053606,4,4,0.96880126,0.9768936
249.0,439.0,4,4,4,3,0.9400765,0.5617247,4,4,0.9634758,0.9171871,4,4,0.97512203,0.98946315
219.0,421.0,2,2,3,3,0.7473021,0.76382285,3,3,0.55040157,0.5094739,4,4,0.6817632,0.74931675
251.0,316.0,4,3,4,4,0.9772767,0.72285503,4,4,0.97809213,0.9789788,4,4,0.9840553,0.9992138
243.0,521.0,2,3,3,3,0.5246981,0.63285094,4,4,0.49155244,0.8360704,4,4,0.7709477,0.9957514
243.0,515.0,2,3,3,3,0.5914891,0.53633255,4,4,0.5468558,0.7549261,4,4,0.76020676,0.97463006
256.0,448.0,0,0,1,1,0.8018269,0.98507917,1,2,0.54509234,0.81499624,2,3,0.48483863,0.5032484
225.0,510.0,4,3,4,4,0.98689526,0.9136725,4,4,0.9895629,0.9826215,4,4,0.99014145,0.9966466
243.0,518.0,3,3,4,3,0.75538254,0.53633255,4,4,0.9102736,0.7549261,4,4,0.9520244,0.97463006
206.0,385.0,1,3,1,4,0.47182736,0.5270002,2,4,0.40510687,0.8922327,3,4,0.33690515,0.98280877
245.0,484.0,0,0,1,1,0.74654996,0.92952055,2,1,0.45444188,0.68271315,2,2,0.35048258,0.7131976
256.0,449.0,3,4,4,4,0.78539836,0.9973611,4,4,0.8962148,0.9995838,4,4,0.949551,0.99962807
184.0,337.0,0,2,1,3,0.7702485,0.7916053,2,4,0.46236175,0.6642425,1,4,0.3195313,0.915328
189.0,327.0,1,2,2,2,0.49327707,0.9043869,2,3,0.44731346,0.4776694,3,4,0.5651223,0.4564518
219.0,422.0,2,3,3,4,0.75658685,0.55229926,3,4,0.5630335,0.8724759,4,4,0.70102966,0.96854705
193.0,413.0,1,2,2,3,0.5193198,0.6857332,2,3,0.46291506,0.7162457,4,4,0.36795083,0.62652093
212.0,395.0,1,2,2,2,0.5106507,0.59701985,2,3,0.498265,0.47767422,3,4,0.5823349,0.912812
228.0,347.0,1,2,1,3,0.52551675,0.8699179,2,3,0.4533608,0.92420167,3,3,0.35272413,0.72097015
189.0,317.0,2,2,3,2,0.59906465,0.7037747,4,2,0.5019909,0.4145686,4,4,0.76626396,0.82394516
182.0,34.0,1,2,2,3,0.6985466,0.69070655,3,3,0.564682,0.6067643,4,4,0.47923133,0.5522453
212.0,404.0,2,3,3,3,0.48166874,0.92624396,3,4,0.5733413,0.7441678,4,4,0.5378422,0.9648183
209.0,467.0,2,3,3,3,0.76698416,0.7217066,4,4,0.52727515,0.75097513,4,4,0.68173885,0.99254155
182.0,35.0,2,2,3,3,0.47879854,0.69070655,4,3,0.55316067,0.6067643,4,4,0.896715,0.5522453
204.0,485.0,2,2,3,2,0.7926816,0.527649,4,3,0.6100808,0.61218363,4,4,0.7878696,0.8178176
188.0,51.0,1,2,2,3,0.49240172,0.58247966,2,3,0.49601948,0.7392828,3,4,0.53497404,0.7903812
182.0,39.0,1,2,2,2,0.6921848,0.63919985,3,3,0.53106713,0.5062884,3,3,0.44549403,0.6032196
188.0,48.0,2,2,3,2,0.5974868,0.4892298,4,3,0.48304442,0.77975684,4,4,0.78198916,0.6799819
182.0,45.0,2,3,2,3,0.48922402,0.78046495,4,4,0.47645426,0.6378573,4,4,0.8680177,0.9103147
186.0,52.0,3,3,4,3,0.8993559,0.685499,4,4,0.901929,0.6207765,4,4,0.97727966,0.85539883
184.0,61.0,3,2,4,3,0.8817899,0.7916053,4,4,0.95859015,0.6642425,4,4,0.9599835,0.915328
184.0,58.0,3,2,4,3,0.8817899,0.7916053,4,4,0.95859015,0.6642425,4,4,0.9599835,0.915328
184.0,65.0,3,2,4,3,0.9109513,0.6446777,4,4,0.95910263,0.4669818,4,4,0.9689752,0.7671989
184.0,47.0,4,4,4,4,0.97111166,0.9733314,4,4,0.9769239,0.993803,4,4,0.9776373,0.9985368
182.0,60.0,0,0,1,1,0.678376,0.95553744,2,1,0.53306395,0.89370376,2,1,0.47953206,0.88581187
182.0,46.0,1,2,2,3,0.6985466,0.69070655,3,3,0.564682,0.6067643,4,4,0.47923133,0.5522453
186.0,53.0,1,2,2,2,0.6305585,0.5695558,2,3,0.5490699,0.6788575,4,4,0.34595934,0.75895303
186.0,57.0,0,2,1,2,0.7371767,0.5695558,1,3,0.56717587,0.6788575,2,4,0.53156173,0.75895303
182.0,63.0,0,0,1,1,0.678376,0.95553744,2,1,0.53306395,0.89370376,2,1,0.47953206,0.88581187
188.0,86.0,2,2,3,3,0.63339376,0.58247966,3,3,0.47955132,0.7392828,4,4,0.8069589,0.7903812
188.0,87.0,2,3,3,3,0.5953078,0.8681733,4,4,0.50619304,0.9437665,4,4,0.7988318,0.9947383
183.0,90.0,1,2,2,3,0.58086044,0.5618237,3,3,0.46583307,0.56883866,3,4,0.47880974,0.7195553
188.0,72.0,2,2,3,3,0.63339376,0.58247966,3,3,0.47955132,0.7392828,4,4,0.8069589,0.7903812
185.0,74.0,1,2,2,3,0.58890814,0.74093467,2,3,0.6002242,0.5953347,4,4,0.38460174,0.80119795
178.0,96.0,0,3,1,3,0.5962199,0.69300365,1,4,0.5771142,0.8770055,2,4,0.3157999,0.99469525
188.0,75.0,2,3,3,3,0.5974868,0.81469774,4,4,0.48304442,0.75789934,4,4,0.78198916,0.99133354
188.0,83.0,2,2,3,2,0.5974868,0.4892298,4,3,0.48304442,0.77975684,4,4,0.78198916,0.6799819
185.0,82.0,1,2,2,3,0.6069341,0.62531894,2,3,0.59712327,0.6073693,4,4,0.42694774,0.710414
184.0,78.0,4,4,4,4,0.9603171,0.6283079,4,4,0.9747287,0.96763223,4,4,0.97148794,0.9947227
188.0,84.0,2,2,3,2,0.5974868,0.4892298,4,3,0.48304442,0.77975684,4,4,0.78198916,0.6799819
185.0,76.0,1,2,2,3,0.58890814,0.74093467,2,3,0.6002242,0.5953347,4,4,0.38460174,0.80119795
198.0,81.0,2,2,2,3,0.55466366,0.7008847,3,3,0.6506529,0.5578196,4,3,0.5037459,0.6653129
183.0,89.0,1,2,2,3,0.5921489,0.5402053,3,3,0.52405703,0.54444534,3,4,0.5077793,0.6584058
186.0,73.0,2,2,3,2,0.6290051,0.68701893,4,3,0.47412923,0.50135344,4,4,0.86838377,0.8006698
178.0,91.0,3,2,4,3,0.82071316,0.9479813,4,4,0.809669,0.56217337,4,4,0.9521218,0.9388977
178.0,94.0,1,3,2,3,0.6490652,0.69300365,2,4,0.54378456,0.8770055,4,4,0.61326176,0.99469525
178.0,92.0,0,2,1,3,0.5962199,0.9479813,1,4,0.5771142,0.56217337,2,4,0.3157999,0.9388977
178.0,95.0,0,3,1,3,0.5962199,0.69300365,1,4,0.5771142,0.8770055,2,4,0.3157999,0.99469525
218.0,111.0,1,3,2,3,0.5437366,0.7613889,2,4,0.60985374,0.744425,2,4,0.42591634,0.9909691
211.0,119.0,1,2,2,3,0.50490266,0.7535715,2,4,0.54904944,0.5417639,2,4,0.4673195,0.92616826
178.0,104.0,3,3,4,4,0.82238877,0.54248315,4,4,0.7884143,0.93548685,4,4,0.95299035,0.995194
178.0,101.0,0,2,1,3,0.60002697,0.8667522,1,4,0.5880962,0.6489559,2,4,0.35228705,0.7500014
181.0,115.0,2,3,3,3,0.48315886,0.82773775,3,4,0.601272,0.770366,4,4,0.7516946,0.98924994
229.0,123.0,2,3,3,3,0.6489178,0.619386,3,4,0.46458766,0.9681496,4,4,0.77560186,0.9979615
178.0,99.0,0,3,1,4,0.60002697,0.5090958,1,4,0.5880962,0.84843624,2,4,0.35228705,0.9733229
183.0,110.0,2,2,3,3,0.52885437,0.5618237,3,3,0.4883925,0.56883866,4,4,0.83856696,0.7195553
178.0,105.0,0,3,1,4,0.5890923,0.54248315,1,4,0.54326594,0.93548685,2,4,0.31585783,0.995194
230.0,122.0,4,3,4,3,0.8849314,0.519002,4,4,0.8778452,0.9452287,4,4,0.95915735,0.99117297
178.0,97.0,4,3,4,4,0.90014637,0.5090958,4,4,0.8180095,0.84843624,4,4,0.9246588,0.9733229
178.0,103.0,0,3,1,4,0.5890923,0.54248315,1,4,0.54326594,0.93548685,2,4,0.31585783,0.995194
229.0,124.0,2,2,3,3,0.6489178,0.822313,3,3,0.46458766,0.6262405,4,4,0.77560186,0.9208552
178.0,107.0,0,3,1,4,0.5890923,0.54248315,1,4,0.54326594,0.93548685,2,4,0.31585783,0.995194
211.0,120.0,1,2,2,3,0.50490266,0.7535715,2,4,0.54904944,0.5417639,2,4,0.4673195,0.92616826
178.0,102.0,0,3,1,4,0.60002697,0.5090958,1,4,0.5880962,0.84843624,2,4,0.35228705,0.9733229
183.0,108.0,1,2,2,3,0.5921489,0.5402053,3,3,0.52405703,0.54444534,3,4,0.5077793,0.6584058
181.0,113.0,3,3,4,3,0.7953942,0.93725944,4,4,0.7881337,0.91679597,4,4,0.95382524,0.9960174
183.0,109.0,2,3,3,3,0.58067936,0.62421834,3,4,0.54401785,0.862828,4,4,0.8479631,0.96477395
178.0,106.0,0,3,1,4,0.5890923,0.54248315,1,4,0.54326594,0.93548685,2,4,0.31585783,0.995194
205.0,145.0,1,2,2,2,0.70295686,0.50045365,2,3,0.5850262,0.6337976,4,4,0.32429004,0.6142379
178.0,98.0,3,3,4,4,0.83331823,0.5090958,4,4,0.78004414,0.84843624,4,4,0.95464134,0.9733229
178.0,100.0,3,3,4,4,0.83331823,0.5090958,4,4,0.78004414,0.84843624,4,4,0.95464134,0.9733229
205.0,144.0,4,2,4,2,0.9639341,0.50045365,4,3,0.97982925,0.6337976,4,4,0.9884702,0.6142379
205.0,151.0,3,2,4,2,0.80771154,0.50045365,4,3,0.93442243,0.6337976,4,4,0.97054815,0.6142379
205.0,137.0,4,2,4,3,0.97254723,0.57741207,4,3,0.9846732,0.49937797,4,4,0.9891775,0.8735687
229.0,127.0,2,3,3,4,0.62817305,0.5247053,3,4,0.47890285,0.900818,4,4,0.7498632,0.9904034
229.0,125.0,2,2,3,3,0.6489178,0.822313,3,3,0.46458766,0.6262405,4,4,0.77560186,0.9208552
205.0,143.0,4,2,4,2,0.9639341,0.50045365,4,3,0.97982925,0.6337976,4,4,0.9884702,0.6142379
229.0,128.0,3,4,4,4,0.686085,0.99604744,4,4,0.80817556,0.998538,4,4,0.9629369,0.99967325
229.0,129.0,4,3,4,4,0.7633908,0.5247053,4,4,0.90145147,0.900818,4,4,0.9667741,0.9904034
186.0,154.0,4,2,4,2,0.92486846,0.6904972,4,3,0.9080177,0.75374347,4,4,0.9503866,0.5427961
205.0,138.0,4,2,4,3,0.97254723,0.57741207,4,3,0.9846732,0.49937797,4,4,0.9891775,0.8735687
205.0,150.0,4,2,4,3,0.9518861,0.62133044,4,3,0.97604954,0.6090265,4,4,0.9867747,0.7111337
205.0,142.0,2,2,3,2,0.5355763,0.50045365,4,3,0.54228634,0.6337976,4,4,0.8210939,0.6142379
229.0,126.0,2,3,3,4,0.62817305,0.5247053,3,4,0.47890285,0.900818,4,4,0.7498632,0.9904034
205.0,147.0,4,2,4,2,0.9639341,0.50045365,4,3,0.97982925,0.6337976,4,4,0.9884702,0.6142379
185.0,160.0,3,2,4,3,0.5393541,0.7692348,4,3,0.8666244,0.50320256,4,4,0.9422103,0.86183333
184.0,170.0,2,2,3,3,0.6137722,0.5746995,4,4,0.6470596,0.70283353,4,4,0.8546461,0.89220124
192.0,163.0,2,2,3,3,0.6638676,0.71110195,3,3,0.5312569,0.83659303,4,4,0.78888655,0.49332106
185.0,171.0,0,0,1,1,0.7350337,0.94737095,1,2,0.6338149,0.9415797,2,3,0.48006684,0.6545711
185.0,166.0,3,2,4,3,0.5370706,0.62531894,4,3,0.8536392,0.6073693,4,4,0.94844764,0.710414
187.0,161.0,4,3,4,3,0.8298707,0.7342573,4,4,0.84180343,0.92694956,4,4,0.88812137,0.99457777
190.0,177.0,3,2,4,2,0.48559597,0.4816809,4,3,0.73809797,0.562357,4,4,0.93339205,0.85287404
190.0,176.0,3,2,4,2,0.48559597,0.4816809,4,3,0.73809797,0.562357,4,4,0.93339205,0.85287404
187.0,164.0,4,2,4,2,0.81684285,0.7109822,4,4,0.86768407,0.49222028,4,4,0.8855517,0.7557099
190.0,172.0,2,2,3,3,0.5994228,0.6066284,3,3,0.47884265,0.693307,4,4,0.581815,0.91775656
190.0,174.0,1,2,1,2,0.6859195,0.4816809,1,3,0.44658378,0.562357,2,4,0.33157265,0.85287404
184.0,162.0,0,3,1,4,0.7161891,0.82783324,2,4,0.51405466,0.9690231,2,4,0.28342575,0.99673826
190.0,182.0,2,2,3,2,0.5793614,0.5603628,3,3,0.51612586,0.5792817,4,4,0.5212855,0.8698846
190.0,178.0,1,2,1,2,0.6859195,0.4816809,1,3,0.44658378,0.562357,2,4,0.33157265,0.85287404
190.0,179.0,3,3,4,4,0.5751961,0.9500862,4,4,0.76410234,0.9529807,4,4,0.9492584,0.99876595
190.0,183.0,3,3,4,4,0.5751961,0.9500862,4,4,0.76410234,0.9529807,4,4,0.9492584,0.99876595
190.0,180.0,1,2,1,2,0.690402,0.5603628,1,3,0.5302396,0.5792817,1,4,0.39105883,0.8698846
186.0,157.0,3,2,4,2,0.869608,0.6904972,4,3,0.87977576,0.75374347,4,4,0.96987087,0.5427961
192.0,165.0,2,2,3,3,0.6957103,0.7184591,3,3,0.5371088,0.7810787,4,4,0.71792936,0.6814767
190.0,173.0,2,2,3,3,0.5994228,0.6066284,3,3,0.47884265,0.693307,4,4,0.581815,0.91775656
190.0,181.0,2,2,3,2,0.5793614,0.5603628,3,3,0.51612586,0.5792817,4,4,0.5212855,0.8698846
190.0,175.0,3,2,4,2,0.48559597,0.4816809,4,3,0.73809797,0.562357,4,4,0.93339205,0.85287404
184.0,167.0,4,3,4,4,0.9741494,0.82783324,4,4,0.97607803,0.9690231,4,4,0.9763125,0.99673826
221.0,195.0,2,2,3,3,0.6728514,0.53419185,3,4,0.48913473,0.47824168,4,4,0.7737409,0.74093217
187.0,191.0,2,2,3,2,0.55006164,0.7109822,4,4,0.52603984,0.49222028,4,4,0.7550359,0.7557099
187.0,190.0,2,2,3,2,0.55006164,0.7109822,4,4,0.52603984,0.49222028,4,4,0.7550359,0.7557099
187.0,187.0,4,3,4,3,0.8298707,0.7342573,4,4,0.84180343,0.92694956,4,4,0.88812137,0.99457777
181.0,205.0,1,2,2,3,0.66611034,0.7123883,2,4,0.5129395,0.61778367,3,4,0.36862114,0.89359367
221.0,212.0,2,2,3,3,0.72458786,0.865469,4,4,0.45904782,0.47512633,4,4,0.7606258,0.9316413
221.0,196.0,1,3,1,4,0.4896593,0.5934194,2,4,0.4521942,0.91689646,3,4,0.44927722,0.9972568
213.0,210.0,2,3,3,4,0.6987476,0.6968789,4,4,0.626636,0.9347448,4,4,0.83356875,0.9945505
190.0,184.0,2,2,3,2,0.5793614,0.5603628,3,3,0.51612586,0.5792817,4,4,0.5212855,0.8698846
221.0,199.0,2,2,3,3,0.6728514,0.53419185,3,4,0.48913473,0.47824168,4,4,0.7737409,0.74093217
221.0,206.0,1,2,1,3,0.53330064,0.865469,2,4,0.5054023,0.47512633,3,4,0.42719144,0.9316413
221.0,197.0,2,4,3,4,0.73094964,0.9820739,4,4,0.45846397,0.99525994,4,4,0.7701669,0.9979609
187.0,204.0,1,3,2,3,0.6402226,0.9014506,2,4,0.53383505,0.8710454,3,4,0.37844715,0.9761579
192.0,193.0,3,3,4,4,0.6067671,0.6542527,4,4,0.79058784,0.7233494,4,4,0.91071075,0.9840042
183.0,192.0,2,3,3,3,0.5604573,0.82547915,3,4,0.49164873,0.6075321,4,4,0.8367047,0.89464563
226.0,211.0,2,2,3,2,0.57978916,0.49691254,4,4,0.6414405,0.42216575,4,4,0.8333298,0.86652094
221.0,200.0,3,3,3,3,0.5214657,0.6640902,4,4,0.76337016,0.9178322,4,4,0.8716145,0.9963626
221.0,203.0,0,3,1,4,0.6460233,0.5541073,1,4,0.4921113,0.9040708,2,4,0.44811702,0.9967037
221.0,207.0,0,2,1,3,0.68102884,0.865469,1,4,0.49790365,0.47512633,2,4,0.45933765,0.9316413
192.0,189.0,2,2,3,3,0.6957103,0.7184591,3,3,0.5371088,0.7810787,4,4,0.71792936,0.6814767
187.0,185.0,4,2,4,3,0.8298707,0.6863376,4,3,0.84180343,0.55175775,4,4,0.88812137,0.79653883
221.0,198.0,0,2,1,3,0.6460233,0.6996058,1,4,0.4921113,0.523624,2,4,0.44811702,0.77778816
226.0,217.0,2,2,3,3,0.58342487,0.72669864,4,4,0.66523916,0.5899834,4,4,0.8670868,0.9494648
213.0,240.0,2,3,3,3,0.7351917,0.5592571,4,4,0.56069845,0.95780134,4,4,0.8132141,0.9939079
226.0,231.0,3,2,4,2,0.8402983,0.49691254,4,4,0.9658412,0.42216575,4,4,0.9762624,0.86652094
183.0,213.0,2,3,3,3,0.58067936,0.62421834,3,4,0.54401785,0.862828,4,4,0.8479631,0.96477395
226.0,237.0,3,3,4,4,0.8698869,0.82548755,4,4,0.9729575,0.9850235,4,4,0.982239,0.99667716
226.0,236.0,4,2,4,3,0.98732996,0.72669864,4,4,0.993361,0.5899834,4,4,0.9933843,0.9494648
183.0,241.0,2,3,3,3,0.5604573,0.82547915,3,4,0.49164873,0.6075321,4,4,0.8367047,0.89464563
226.0,225.0,3,3,4,4,0.8402983,0.6134933,4,4,0.9658412,0.96067196,4,4,0.9762624,0.99129045
221.0,216.0,1,2,1,3,0.5287844,0.6996058,2,4,0.48879153,0.523624,3,4,0.43775976,0.77778816
221.0,229.0,2,2,3,3,0.6728514,0.53419185,3,4,0.48913473,0.47824168,4,4,0.7737409,0.74093217
226.0,234.0,1,2,2,3,0.6621956,0.72669864,3,4,0.43892384,0.5899834,3,4,0.44029275,0.9494648
226.0,221.0,2,2,3,2,0.57978916,0.49691254,4,4,0.6414405,0.42216575,4,4,0.8333298,0.86652094
226.0,227.0,4,3,4,4,0.98732996,0.82548755,4,4,0.993361,0.9850235,4,4,0.9933843,0.99667716
226.0,214.0,4,2,4,3,0.98732996,0.72669864,4,4,0.993361,0.5899834,4,4,0.9933843,0.9494648
226.0,239.0,3,2,4,3,0.78956336,0.5393559,4,4,0.96311903,0.5684483,4,4,0.9780085,0.9145336
213.0,235.0,2,3,3,4,0.6987476,0.6968789,4,4,0.626636,0.9347448,4,4,0.83356875,0.9945505
221.0,233.0,1,2,1,3,0.53330064,0.865469,2,4,0.5054023,0.47512633,3,4,0.42719144,0.9316413
213.0,215.0,2,2,3,3,0.6987476,0.85594904,4,3,0.626636,0.81491375,4,4,0.83356875,0.6125589
221.0,222.0,2,2,3,3,0.72458786,0.865469,4,4,0.45904782,0.47512633,4,4,0.7606258,0.9316413
213.0,238.0,2,4,3,4,0.7351917,0.7441699,4,4,0.56069845,0.94816166,4,4,0.8132141,0.9775835
192.0,263.0,2,3,3,4,0.6957103,0.6542527,3,4,0.5371088,0.7233494,4,4,0.71792936,0.9840042
250.0,261.0,3,3,4,3,0.65892595,0.78583795,4,4,0.8313198,0.7233264,4,4,0.9420476,0.98610824
258.0,267.0,1,2,2,3,0.50581163,0.7613538,2,4,0.497339,0.60357475,4,4,0.34476537,0.88562006
258.0,253.0,2,3,3,3,0.52338,0.86851335,4,4,0.47357023,0.8807063,4,4,0.8557464,0.9820802
258.0,246.0,1,2,1,3,0.48117855,0.8508214,2,4,0.44053918,0.5687343,4,4,0.3496391,0.9076232
213.0,250.0,0,0,1,1,0.6834667,0.9844402,1,2,0.5194415,0.6972627,2,3,0.51460487,0.43990493
258.0,247.0,0,2,1,3,0.6000752,0.57162195,1,4,0.4497533,0.6744305,2,4,0.44307917,0.8907798
258.0,255.0,1,2,2,3,0.50590974,0.57162195,2,4,0.4634353,0.6744305,4,4,0.3653905,0.8907798
213.0,251.0,0,0,1,1,0.6834667,0.9844402,1,2,0.5194415,0.6972627,2,3,0.51460487,0.43990493
181.0,232.0,2,2,3,3,0.46457136,0.7123883,3,4,0.61463314,0.61778367,4,4,0.7491393,0.89359367
250.0,258.0,3,2,4,3,0.65892595,0.5465201,4,3,0.8313198,0.78843546,4,4,0.9420476,0.68125695
183.0,244.0,1,2,2,3,0.58086044,0.5618237,3,3,0.46583307,0.56883866,3,4,0.47880974,0.7195553
250.0,264.0,3,2,4,3,0.65892595,0.5465201,4,3,0.8313198,0.78843546,4,4,0.9420476,0.68125695
258.0,257.0,1,2,1,3,0.48117855,0.8508214,2,4,0.44053918,0.5687343,4,4,0.3496391,0.9076232
258.0,270.0,0,2,1,3,0.7000483,0.8508214,1,4,0.5144727,0.5687343,2,4,0.4392991,0.9076232
258.0,269.0,0,2,1,3,0.7000483,0.8508214,1,4,0.5144727,0.5687343,2,4,0.4392991,0.9076232
250.0,259.0,2,2,3,3,0.73591083,0.64177275,3,3,0.44692263,0.63897496,4,4,0.6761638,0.86798066
250.0,254.0,3,2,4,3,0.65892595,0.5465201,4,3,0.8313198,0.78843546,4,4,0.9420476,0.68125695
258.0,252.0,2,3,3,4,0.5404904,0.60368466,4,4,0.4405069,0.8892494,4,4,0.8425453,0.98074603
258.0,245.0,1,2,1,3,0.48117855,0.8508214,2,4,0.44053918,0.5687343,4,4,0.3496391,0.9076232
251.0,318.0,4,4,4,4,0.9772767,0.9940195,4,4,0.97809213,0.9986847,4,4,0.9840553,0.99942756
228.0,358.0,0,0,1,1,0.63861233,0.9998197,1,1,0.75346464,0.9933195,1,3,0.67049295,0.6043772
258.0,271.0,0,2,1,3,0.6000752,0.57162195,1,4,0.4497533,0.6744305,2,4,0.44307917,0.8907798
207.0,280.0,1,3,2,3,0.515126,0.5119657,2,4,0.4039385,0.95050544,4,4,0.36099455,0.9944359
181.0,276.0,4,2,4,3,0.9448732,0.7123883,4,4,0.93168694,0.61778367,4,4,0.97688204,0.89359367
206.0,368.0,1,2,2,3,0.5498007,0.7919797,2,4,0.39656675,0.6702555,3,4,0.3610518,0.8969019
258.0,273.0,1,3,1,3,0.48117855,0.86851335,2,4,0.44053918,0.8807063,4,4,0.3496391,0.9820802
187.0,338.0,2,2,3,3,0.56834054,0.6863376,4,3,0.4753429,0.55175775,4,4,0.7605629,0.79653883
258.0,272.0,0,2,1,3,0.7000483,0.8508214,1,4,0.5144727,0.5687343,2,4,0.4392991,0.9076232
192.0,275.0,2,2,3,3,0.6957103,0.7184591,3,3,0.5371088,0.7810787,4,4,0.71792936,0.6814767
177.0,298.0,1,2,2,2,0.5876713,0.73696053,2,3,0.49068183,0.7766246,2,4,0.3712799,0.5569039
181.0,277.0,3,3,4,3,0.84254205,0.7149859,4,4,0.82894605,0.908596,4,4,0.9653314,0.99731845
251.0,308.0,3,3,4,3,0.7931931,0.50924027,4,4,0.8783727,0.9365524,4,4,0.9367805,0.99175924
243.0,523.0,3,3,4,3,0.8065898,0.63285094,4,4,0.91551745,0.8360704,4,4,0.9606996,0.9957514
241.0,535.0,2,2,3,2,0.5896339,0.72561646,4,3,0.47450414,0.8000457,4,4,0.7011841,0.65447754
241.0,530.0,2,2,3,2,0.56340706,0.67185265,4,3,0.49321443,0.6141315,4,4,0.74554,0.87300944
230.0,543.0,2,3,3,3,0.5769118,0.519002,3,4,0.54704744,0.9452287,4,4,0.7249367,0.99117297
241.0,539.0,2,2,3,2,0.6335314,0.7134981,3,3,0.46097767,0.608081,4,4,0.7560795,0.8432479
243.0,527.0,4,4,4,4,0.9686131,0.99621385,4,4,0.9770914,0.9971521,4,4,0.983603,0.9988709
204.0,522.0,3,2,4,3,0.74675745,0.55154526,4,3,0.9248313,0.6280976,4,4,0.96329623,0.87761945
230.0,547.0,2,3,3,3,0.5769118,0.519002,3,4,0.54704744,0.9452287,4,4,0.7249367,0.99117297
241.0,532.0,2,2,3,2,0.56340706,0.67185265,4,3,0.49321443,0.6141315,4,4,0.74554,0.87300944
243.0,524.0,4,4,4,4,0.9686131,0.99621385,4,4,0.9770914,0.9971521,4,4,0.983603,0.9988709
230.0,546.0,2,4,3,4,0.5769118,0.9924331,3,4,0.54704744,0.9977324,4,4,0.7249367,0.99971014
241.0,537.0,2,2,3,2,0.5896339,0.72561646,4,3,0.47450414,0.8000457,4,4,0.7011841,0.65447754
243.0,525.0,1,3,2,3,0.4718138,0.63285094,3,4,0.4178646,0.8360704,3,4,0.5266162,0.9957514
243.0,528.0,1,3,2,3,0.4718138,0.63285094,3,4,0.4178646,0.8360704,3,4,0.5266162,0.9957514
241.0,529.0,2,2,3,2,0.56340706,0.67185265,4,3,0.49321443,0.6141315,4,4,0.74554,0.87300944
230.0,544.0,0,2,1,3,0.8330169,0.5161234,1,3,0.6120934,0.52442497,2,4,0.64524794,0.71716523
241.0,540.0,2,3,3,3,0.6335314,0.88040936,3,4,0.46097767,0.7190635,4,4,0.7560795,0.986328
241.0,534.0,2,2,3,2,0.5896339,0.72561646,4,3,0.47450414,0.8000457,4,4,0.7011841,0.65447754
241.0,542.0,2,2,3,2,0.6335314,0.7134981,3,3,0.46097767,0.608081,4,4,0.7560795,0.8432479
230.0,548.0,2,2,3,3,0.5769118,0.5161234,3,3,0.54704744,0.52442497,4,4,0.7249367,0.71716523
230.0,545.0,1,2,2,3,0.5911068,0.5161234,2,3,0.5297758,0.52442497,3,4,0.42755035,0.71716523
230.0,561.0,1,3,2,3,0.5911068,0.519002,2,4,0.5297758,0.9452287,3,4,0.42755035,0.99117297
230.0,553.0,2,3,3,4,0.5743908,0.67692304,3,4,0.47236323,0.97676224,4,4,0.75790226,0.9958449
230.0,555.0,4,4,4,4,0.90078926,0.99652666,4,4,0.90722746,0.99885714,4,4,0.96245384,0.99982506
183.0,566.0,2,2,3,3,0.58067936,0.5402053,3,3,0.54401785,0.54444534,4,4,0.8479631,0.6584058
203.0,571.0,2,2,3,3,0.4797251,0.564892,3,3,0.5407668,0.8073888,4,4,0.72608817,0.8158216
230.0,558.0,2,4,3,4,0.5743908,0.99652666,3,4,0.47236323,0.99885714,4,4,0.75790226,0.99982506
230.0,554.0,3,2,4,3,0.6883778,0.80212516,4,4,0.83133096,0.73640084,4,4,0.96613955,0.91815305
203.0,562.0,0,0,1,1,0.53740495,0.99580306,2,1,0.6144918,0.5089169,2,2,0.39610007,0.7253498
203.0,569.0,2,2,3,3,0.4797251,0.564892,3,3,0.5407668,0.8073888,4,4,0.72608817,0.8158216
230.0,552.0,3,4,4,4,0.6883778,0.99652666,4,4,0.83133096,0.99885714,4,4,0.96613955,0.99982506
203.0,572.0,2,2,3,2,0.5044905,0.49304393,3,3,0.5981822,0.7158626,4,4,0.685233,0.6795217
230.0,560.0,1,2,2,3,0.60626924,0.80212516,2,4,0.54169184,0.73640084,3,4,0.42443797,0.91815305
203.0,573.0,2,2,3,2,0.5044905,0.49304393,3,3,0.5981822,0.7158626,4,4,0.685233,0.6795217
230.0,551.0,2,3,3,4,0.5743908,0.67692304,3,4,0.47236323,0.97676224,4,4,0.75790226,0.9958449
230.0,557.0,3,3,4,4,0.6883778,0.67692304,4,4,0.83133096,0.97676224,4,4,0.96613955,0.9958449
230.0,550.0,1,2,2,3,0.60626924,0.80212516,2,4,0.54169184,0.73640084,3,4,0.42443797,0.91815305
230.0,556.0,3,4,4,4,0.6883778,0.99652666,4,4,0.83133096,0.99885714,4,4,0.96613955,0.99982506
230.0,549.0,1,3,2,3,0.5911068,0.519002,2,4,0.5297758,0.9452287,3,4,0.42755035,0.99117297
230.0,559.0,2,2,3,3,0.5743908,0.80212516,3,4,0.47236323,0.73640084,4,4,0.75790226,0.91815305
207.0,584.0,2,4,3,4,0.5274549,0.99768674,4,4,0.5824574,0.9995602,4,4,0.8365163,0.9996063
207.0,582.0,1,3,2,4,0.48917302,0.6264469,2,4,0.42274877,0.925658,4,4,0.31275868,0.99477553
244.0,593.0,3,3,4,4,0.68167216,0.543089,4,4,0.8823239,0.97444123,4,4,0.9693708,0.9955558
207.0,588.0,2,4,3,4,0.49100515,0.99853456,4,4,0.58666575,0.9997665,4,4,0.85860556,0.99982554
207.0,579.0,1,3,2,3,0.515126,0.5119657,2,4,0.4039385,0.95050544,4,4,0.36099455,0.9944359
244.0,599.0,4,4,4,4,0.9429105,0.9979253,4,4,0.95539296,0.9989648,4,4,0.9774943,0.99930155
207.0,576.0,1,2,2,3,0.515126,0.6954881,2,4,0.4039385,0.65295964,4,4,0.36099455,0.9240104
244.0,596.0,1,3,2,4,0.45606536,0.543089,2,4,0.53173965,0.97444123,4,4,0.34231305,0.9955558
207.0,585.0,1,4,2,4,0.48917302,0.99768674,2,4,0.42274877,0.9995602,4,4,0.31275868,0.9996063
207.0,580.0,1,3,2,3,0.515126,0.5119657,2,4,0.4039385,0.95050544,4,4,0.36099455,0.9944359
207.0,583.0,2,4,3,4,0.5274549,0.99768674,4,4,0.5824574,0.9995602,4,4,0.8365163,0.9996063
244.0,594.0,1,3,2,4,0.45606536,0.543089,2,4,0.53173965,0.97444123,4,4,0.34231305,0.9955558
207.0,587.0,1,4,2,4,0.48843127,0.99853456,2,4,0.39756742,0.9997665,4,4,0.37865874,0.99982554
244.0,591.0,1,3,2,4,0.4564878,0.5357848,2,4,0.56620014,0.9935493,4,4,0.30726895,0.99919087
207.0,577.0,1,2,2,3,0.515126,0.6954881,2,4,0.4039385,0.65295964,4,4,0.36099455,0.9240104
207.0,581.0,2,4,3,4,0.5274549,0.99768674,4,4,0.5824574,0.9995602,4,4,0.8365163,0.9996063
207.0,575.0,1,3,2,3,0.515126,0.5119657,2,4,0.4039385,0.95050544,4,4,0.36099455,0.9944359
244.0,589.0,3,3,4,4,0.66585964,0.5357848,4,4,0.8628671,0.9935493,4,4,0.9663992,0.99919087
244.0,597.0,1,4,1,4,0.46933267,0.9979253,2,4,0.52035815,0.9989648,2,4,0.31530654,0.99930155
244.0,595.0,1,4,2,4,0.45606536,0.99660826,2,4,0.53173965,0.99869424,4,4,0.34231305,0.9987042
244.0,592.0,1,3,2,4,0.45606536,0.543089,2,4,0.53173965,0.97444123,4,4,0.34231305,0.9955558
207.0,586.0,2,4,3,4,0.49100515,0.99853456,4,4,0.58666575,0.9997665,4,4,0.85860556,0.99982554
244.0,590.0,1,3,2,4,0.4564878,0.5357848,2,4,0.56620014,0.9935493,4,4,0.30726895,0.99919087
207.0,578.0,1,2,2,3,0.515126,0.6954881,2,4,0.4039385,0.65295964,4,4,0.36099455,0.9240104
244.0,598.0,3,4,4,4,0.7149389,0.9979253,4,4,0.87398624,0.9989648,4,4,0.9608695,0.99930155
244.0,602.0,4,4,4,4,0.9429105,0.9979253,4,4,0.95539296,0.9989648,4,4,0.9774943,0.99930155
215.0,615.0,0,0,1,1,0.7631461,0.6217316,1,2,0.57963836,0.951486,1,3,0.4755972,0.5600027
244.0,603.0,2,2,3,2,0.7097384,0.694269,4,3,0.48313943,0.5962196,4,4,0.79624224,0.93973315
180.0,613.0,3,2,4,2,0.83413714,0.68076026,4,3,0.9368793,0.74959123,4,4,0.95765066,0.55835897
180.0,612.0,2,2,3,2,0.63151354,0.68076026,4,3,0.6644991,0.74959123,4,4,0.8707538,0.55835897
193.0,606.0,1,0,2,1,0.5193198,0.9957489,2,2,0.46291506,0.71657884,4,1,0.36795083,0.5172135
215.0,621.0,0,2,1,3,0.7631461,0.66467786,1,4,0.57963836,0.49195084,1,4,0.4755972,0.8239936
180.0,611.0,0,0,1,1,0.72615474,0.99219245,2,1,0.45628622,0.51052445,2,3,0.47647938,0.40138835
180.0,614.0,0,0,1,1,0.72615474,0.99219245,2,1,0.45628622,0.51052445,2,3,0.47647938,0.40138835
215.0,619.0,1,3,2,3,0.54812825,0.52686566,2,4,0.4360516,0.89015555,3,4,0.41347826,0.9953224
215.0,617.0,2,2,3,3,0.46905422,0.5811053,3,3,0.6329049,0.60487366,4,4,0.745377,0.8618875
215.0,616.0,1,2,2,3,0.54812825,0.5811053,2,3,0.4360516,0.60487366,3,4,0.41347826,0.8618875
215.0,620.0,0,2,1,3,0.75556374,0.5811053,1,3,0.5708897,0.60487366,1,4,0.4463329,0.8618875
244.0,601.0,3,4,4,4,0.7149389,0.9979253,4,4,0.87398624,0.9989648,4,4,0.9608695,0.99930155
244.0,600.0,3,2,4,2,0.7149389,0.694269,4,3,0.87398624,0.5962196,4,4,0.9608695,0.93973315
252.0,624.0,0,2,1,3,0.69995445,0.8476706,1,4,0.5626727,0.80967534,2,4,0.4865515,0.93957084
252.0,625.0,2,2,3,3,0.5230849,0.5962756,3,4,0.5802922,0.46017408,4,4,0.79888844,0.66162795
252.0,626.0,2,2,3,3,0.51635385,0.8476706,3,4,0.6325074,0.80967534,4,4,0.784321,0.93957084
252.0,627.0,0,2,1,3,0.76250386,0.5276397,1,4,0.5313983,0.5370155,2,4,0.353692,0.58253145
215.0,623.0,2,2,2,3,0.44702938,0.6811199,3,4,0.561947,0.5827766,4,4,0.7564345,0.89552546
215.0,622.0,1,3,2,3,0.5187519,0.8317691,2,4,0.46679148,0.7449049,3,4,0.38331246,0.98031896
193.0,604.0,1,2,2,3,0.5193198,0.6857332,2,3,0.46291506,0.7162457,4,4,0.36795083,0.62652093
252.0,628.0,4,4,4,4,0.7408895,0.9829804,4,4,0.5576802,0.99562174,4,4,0.8433903,0.9965609
252.0,629.0,1,2,2,3,0.59065807,0.8476706,3,4,0.46101674,0.80967534,3,4,0.5169358,0.93957084
246.0,646.0,1,3,2,3,0.5276461,0.7039487,3,4,0.50104046,0.73432857,3,4,0.51688874,0.9953023
252.0,631.0,2,3,3,3,0.51635385,0.53317684,3,4,0.6325074,0.9742812,4,4,0.784321,0.9932827
252.0,632.0,1,2,2,3,0.53539014,0.5962756,3,4,0.5120051,0.46017408,3,4,0.50336754,0.66162795
252.0,633.0,0,3,1,3,0.74635386,0.56641734,1,4,0.518853,0.9044755,2,4,0.45859414,0.9882655
240.0,652.0,2,2,3,3,0.6828011,0.55846167,4,4,0.65476716,0.50510436,4,4,0.81039745,0.7447482
246.0,640.0,1,0,2,1,0.50636446,0.9847413,3,1,0.48028594,0.9250496,3,1,0.5333048,0.7627862
240.0,650.0,0,0,0,1,0.5317667,0.8642957,2,2,0.49896076,0.89522743,2,2,0.48532265,0.81622994
240.0,647.0,4,3,4,4,0.9387483,0.7616513,4,4,0.9496514,0.9915166,4,4,0.927591,0.9982016
246.0,635.0,2,2,3,2,0.7629754,0.527625,3,3,0.55678487,0.7617877,4,3,0.80366886,0.4867792
240.0,654.0,0,0,0,1,0.5188767,0.947188,2,2,0.50924563,0.6653259,2,2,0.48201808,0.5554142
240.0,648.0,3,3,4,4,0.8688676,0.79277885,4,4,0.93873394,0.9954203,4,4,0.96706223,0.9985605
240.0,653.0,1,2,2,3,0.6562625,0.63919604,2,4,0.44217986,0.7989351,4,4,0.3883829,0.9577521
240.0,651.0,3,2,4,2,0.8688676,0.51379573,4,4,0.93873394,0.6769307,4,4,0.96706223,0.89980257
246.0,643.0,2,3,3,3,0.76422846,0.5696084,3,3,0.50804734,0.5050394,4,4,0.7990193,0.98997587
252.0,630.0,1,3,2,4,0.5391055,0.5361061,3,4,0.58455527,0.94031537,3,4,0.52054954,0.9859076
252.0,634.0,0,2,1,3,0.76250386,0.5276397,1,4,0.5313983,0.5370155,2,4,0.353692,0.58253145
246.0,644.0,2,2,3,2,0.76422846,0.88038605,3,3,0.50804734,0.6989871,4,4,0.7990193,0.6744626
246.0,642.0,2,2,3,2,0.76422846,0.88038605,3,3,0.50804734,0.6989871,4,4,0.7990193,0.6744626
215.0,669.0,2,3,3,3,0.46905422,0.52686566,3,4,0.6329049,0.89015555,4,4,0.745377,0.9953224
227.0,659.0,2,2,3,3,0.58445215,0.5645548,3,3,0.5730997,0.66102266,4,4,0.7156892,0.4999838
193.0,681.0,0,0,1,1,0.65515876,0.9981042,1,2,0.5399879,0.82849205,1,3,0.40580508,0.6544818
240.0,655.0,1,2,2,3,0.6562625,0.63919604,2,4,0.44217986,0.7989351,4,4,0.3883829,0.9577521
227.0,661.0,2,3,3,3,0.5896352,0.7873619,3,4,0.59909225,0.8589219,4,4,0.6840526,0.9625158
227.0,665.0,2,2,3,3,0.58445215,0.5645548,3,3,0.5730997,0.66102266,4,4,0.7156892,0.4999838
227.0,677.0,3,2,4,3,0.69324195,0.7339637,4,3,0.7120567,0.55804944,4,4,0.9477204,0.70583147
227.0,666.0,2,3,3,3,0.5896352,0.7873619,3,4,0.59909225,0.8589219,4,4,0.6840526,0.9625158
202.0,682.0,1,2,2,3,0.4854276,0.72301453,2,3,0.4686353,0.69120705,3,4,0.48033848,0.85109705
215.0,674.0,1,2,2,3,0.5187519,0.66467786,2,4,0.46679148,0.49195084,3,4,0.38331246,0.8239936
227.0,662.0,2,2,3,3,0.5896352,0.7339637,3,3,0.59909225,0.55804944,4,4,0.6840526,0.70583147
227.0,660.0,4,3,4,3,0.8964496,0.7873619,4,4,0.84543425,0.8589219,4,4,0.9511675,0.9625158
227.0,664.0,3,3,4,3,0.69324195,0.7873619,4,4,0.7120567,0.8589219,4,4,0.9477204,0.9625158
185.0,680.0,1,2,2,3,0.6069341,0.62531894,2,3,0.59712327,0.6073693,4,4,0.42694774,0.710414
187.0,679.0,4,3,4,3,0.8298707,0.7342573,4,4,0.84180343,0.92694956,4,4,0.88812137,0.99457777
215.0,673.0,0,2,1,3,0.7631461,0.66467786,1,4,0.57963836,0.49195084,1,4,0.4755972,0.8239936
215.0,671.0,1,3,2,3,0.54812825,0.52686566,2,4,0.4360516,0.89015555,3,4,0.41347826,0.9953224
227.0,667.0,3,2,4,3,0.69324195,0.7339637,4,3,0.7120567,0.55804944,4,4,0.9477204,0.70583147
240.0,656.0,3,3,4,4,0.8688676,0.79277885,4,4,0.93873394,0.9954203,4,4,0.96706223,0.9985605
202.0,694.0,2,2,3,2,0.53876555,0.7164924,4,3,0.46438083,0.8021714,4,4,0.6906716,0.50832665
193.0,696.0,2,2,2,3,0.47030878,0.6857332,3,3,0.4649493,0.7162457,4,4,0.75378436,0.62652093
225.0,708.0,2,2,3,3,0.5690875,0.64992887,3,4,0.46791098,0.7508161,4,4,0.6873936,0.8649102
227.0,699.0,2,2,3,3,0.5896352,0.7339637,3,3,0.59909225,0.55804944,4,4,0.6840526,0.70583147
202.0,688.0,2,2,3,2,0.53876555,0.7164924,4,3,0.46438083,0.8021714,4,4,0.6906716,0.50832665
202.0,692.0,2,3,3,3,0.53876555,0.83645684,4,4,0.46438083,0.8434107,4,4,0.6906716,0.97238207
193.0,697.0,2,2,3,3,0.5134674,0.7873906,3,3,0.51096255,0.6399127,4,4,0.71085787,0.6254315
219.0,698.0,4,4,3,4,0.42655677,0.96902555,4,4,0.67122823,0.9950728,4,4,0.8503135,0.9981754
225.0,705.0,4,3,4,4,0.98689526,0.9136725,4,4,0.9895629,0.9826215,4,4,0.99014145,0.9966466
185.0,55.0,3,2,4,3,0.49917778,0.74093467,4,3,0.8642566,0.5953347,4,4,0.9490826,0.80119795
226.0,700.0,3,2,4,3,0.78956336,0.5393559,4,4,0.96311903,0.5684483,4,4,0.9780085,0.9145336
226.0,701.0,4,4,4,4,0.98732996,0.98478574,4,4,0.993361,0.9983181,4,4,0.9933843,0.99889165
202.0,687.0,2,2,3,3,0.52082634,0.72301453,4,3,0.51951355,0.69120705,4,4,0.69554126,0.85109705
225.0,703.0,4,4,4,4,0.98689526,0.9976132,4,4,0.9895629,0.99941564,4,4,0.99014145,0.99922466
202.0,684.0,2,2,3,2,0.53876555,0.7164924,4,3,0.46438083,0.8021714,4,4,0.6906716,0.50832665
225.0,706.0,3,2,4,3,0.8240402,0.64992887,4,4,0.9382541,0.7508161,4,4,0.9573208,0.8649102
224.0,720.0,1,2,2,2,0.54647774,0.6918672,2,3,0.61255306,0.60081017,3,4,0.37867767,0.8454418
224.0,723.0,2,2,3,2,0.6518108,0.74988526,3,3,0.60741043,0.5784252,4,4,0.7551442,0.78622437
225.0,715.0,4,3,4,4,0.984063,0.7519137,4,4,0.9867209,0.9682053,4,4,0.98610723,0.98993886
183.0,169.0,2,2,3,3,0.58067936,0.5402053,3,3,0.54401785,0.54444534,4,4,0.8479631,0.6584058
224.0,721.0,3,2,4,2,0.54102504,0.74988526,4,3,0.6787385,0.5784252,4,4,0.9402279,0.78622437
224.0,717.0,3,2,4,2,0.5551354,0.6918672,4,3,0.7030705,0.60081017,4,4,0.93825895,0.8454418
222.0,730.0,3,4,4,4,0.5637204,0.99345267,4,4,0.8384791,0.99727935,4,4,0.9447718,0.9992304
225.0,709.0,3,2,4,3,0.860004,0.6521126,4,4,0.9561879,0.8739544,4,4,0.9722201,0.95369124
222.0,731.0,3,2,4,3,0.5637204,0.65737194,4,4,0.8384791,0.76070756,4,4,0.9447718,0.9456564
222.0,732.0,3,2,4,3,0.5637204,0.65737194,4,4,0.8384791,0.76070756,4,4,0.9447718,0.9456564
222.0,733.0,2,2,3,3,0.7172641,0.65737194,3,4,0.53016084,0.76070756,4,4,0.70352435,0.9456564
225.0,716.0,4,2,4,3,0.984063,0.64992887,4,4,0.9867209,0.7508161,4,4,0.98610723,0.8649102
224.0,727.0,3,3,4,3,0.54734427,0.8020457,4,4,0.63428044,0.703902,4,4,0.9189433,0.97571313
224.0,725.0,2,2,3,2,0.62032735,0.688076,3,4,0.67672575,0.4809616,4,4,0.6734423,0.87607527
225.0,710.0,3,2,4,3,0.8240402,0.64992887,4,4,0.9382541,0.7508161,4,4,0.9573208,0.8649102
225.0,711.0,2,2,3,3,0.5483449,0.6521126,4,4,0.4885224,0.8739544,4,4,0.74355793,0.95369124
224.0,722.0,2,2,3,2,0.6518108,0.74988526,3,3,0.60741043,0.5784252,4,4,0.7551442,0.78622437
224.0,718.0,1,2,2,2,0.54647774,0.6918672,2,3,0.61255306,0.60081017,3,4,0.37867767,0.8454418
222.0,734.0,1,2,1,3,0.63525593,0.85561836,2,4,0.48994735,0.7442021,2,4,0.57072735,0.9459485
225.0,714.0,2,2,3,3,0.5483449,0.6521126,4,4,0.4885224,0.8739544,4,4,0.74355793,0.95369124
225.0,713.0,3,4,4,4,0.860004,0.9976132,4,4,0.9561879,0.99941564,4,4,0.9722201,0.99922466
224.0,726.0,3,2,4,2,0.54734427,0.688076,4,4,0.63428044,0.4809616,4,4,0.9189433,0.87607527
224.0,724.0,2,2,3,2,0.62032735,0.688076,3,4,0.67672575,0.4809616,4,4,0.6734423,0.87607527
222.0,739.0,2,2,3,3,0.68390816,0.7481294,3,4,0.4747654,0.5937613,4,4,0.67640936,0.8882103
201.0,751.0,2,2,3,3,0.52296495,0.73406976,3,3,0.4938605,0.52578443,4,4,0.73961604,0.9021163
222.0,740.0,3,3,4,4,0.5637204,0.80261695,4,4,0.8384791,0.9686016,4,4,0.9447718,0.9988361
222.0,741.0,2,2,3,3,0.6650762,0.85561836,3,4,0.4645397,0.7442021,4,4,0.71316004,0.9459485
201.0,759.0,4,3,4,3,0.9571799,0.9059009,4,4,0.96143603,0.5248707,4,4,0.9796642,0.95473814
201.0,756.0,4,3,4,3,0.9571799,0.9059009,4,4,0.96143603,0.5248707,4,4,0.9796642,0.95473814
222.0,742.0,2,2,3,3,0.6650762,0.85561836,3,4,0.4645397,0.7442021,4,4,0.71316004,0.9459485
222.0,743.0,2,2,3,3,0.6650762,0.85561836,3,4,0.4645397,0.7442021,4,4,0.71316004,0.9459485
226.0,747.0,4,3,4,3,0.98285735,0.5424702,4,4,0.99216765,0.9845276,4,4,0.99311006,0.99266386
201.0,760.0,4,3,4,3,0.9571799,0.9059009,4,4,0.96143603,0.5248707,4,4,0.9796642,0.95473814
222.0,744.0,2,2,3,3,0.68390816,0.7481294,3,4,0.4747654,0.5937613,4,4,0.67640936,0.8882103
201.0,752.0,4,3,4,3,0.9571799,0.9059009,4,4,0.96143603,0.5248707,4,4,0.9796642,0.95473814
201.0,748.0,3,2,4,3,0.5694156,0.73406976,4,3,0.82436824,0.52578443,4,4,0.9360214,0.9021163
222.0,735.0,3,2,4,3,0.5637204,0.65737194,4,4,0.8384791,0.76070756,4,4,0.9447718,0.9456564
222.0,745.0,2,2,3,3,0.7172641,0.65737194,3,4,0.53016084,0.76070756,4,4,0.70352435,0.9456564
222.0,746.0,3,3,4,4,0.5637204,0.80261695,4,4,0.8384791,0.9686016,4,4,0.9447718,0.9988361
222.0,736.0,3,3,4,4,0.5637204,0.80261695,4,4,0.8384791,0.9686016,4,4,0.9447718,0.9988361
201.0,749.0,2,2,3,3,0.52296495,0.73406976,3,3,0.4938605,0.52578443,4,4,0.73961604,0.9021163
222.0,737.0,2,3,3,4,0.68390816,0.75091225,3,4,0.4747654,0.9022013,4,4,0.67640936,0.9963206
201.0,761.0,2,2,3,3,0.5320638,0.5963971,3,3,0.5524499,0.5442401,4,4,0.7028079,0.6810493
222.0,738.0,2,2,3,3,0.68390816,0.7481294,3,4,0.4747654,0.5937613,4,4,0.67640936,0.8882103
201.0,754.0,3,3,4,3,0.57051367,0.9059009,4,4,0.7764968,0.5248707,4,4,0.92629313,0.95473814
201.0,750.0,4,2,4,3,0.9559558,0.73406976,4,3,0.9691009,0.52578443,4,4,0.9823016,0.9021163
210.0,785.0,2,2,3,2,0.5625321,0.8281319,4,4,0.574586,0.48253435,4,4,0.77976215,0.7236683
219.0,764.0,2,3,3,3,0.7473021,0.71644574,3,4,0.55040157,0.7922697,4,4,0.6817632,0.93317837
210.0,782.0,2,2,3,2,0.5622636,0.97199076,4,3,0.57230294,0.6670165,4,3,0.75130785,0.57673824
235.0,776.0,1,2,1,2,0.497755,0.5929668,2,3,0.65617824,0.67469925,2,4,0.38536188,0.75901544
261.0,767.0,0,2,1,4,0.58791643,0.5088655,1,4,0.48911688,0.61642843,2,4,0.4037865,0.94872236
177.0,769.0,1,2,2,3,0.5920627,0.49614638,2,3,0.4523695,0.7606635,4,4,0.39573187,0.7182754
203.0,775.0,2,2,3,3,0.4797251,0.564892,3,3,0.5407668,0.8073888,4,4,0.72608817,0.8158216
210.0,786.0,2,2,3,2,0.5625321,0.8281319,4,4,0.574586,0.48253435,4,4,0.77976215,0.7236683
247.0,787.0,0,0,1,1,0.65538573,0.99050516,2,1,0.527645,0.6584818,2,3,0.6243991,0.41868868
261.0,768.0,0,3,1,4,0.58791643,0.9221082,1,4,0.48911688,0.9867982,2,4,0.4037865,0.9970523
226.0,772.0,4,2,4,2,0.9856107,0.49691254,4,4,0.9926805,0.42216575,4,4,0.99190253,0.86652094
226.0,771.0,3,3,4,4,0.8402983,0.6134933,4,4,0.9658412,0.96067196,4,4,0.9762624,0.99129045
177.0,765.0,1,2,2,3,0.5920627,0.49614638,2,3,0.4523695,0.7606635,4,4,0.39573187,0.7182754
210.0,779.0,2,2,3,2,0.5625321,0.8281319,4,4,0.574586,0.48253435,4,4,0.77976215,0.7236683
215.0,762.0,1,2,2,3,0.54812825,0.5811053,2,3,0.4360516,0.60487366,3,4,0.41347826,0.8618875
247.0,788.0,2,2,3,2,0.4927319,0.8905894,3,3,0.47502372,0.5838204,4,4,0.6681199,0.60131055
210.0,783.0,1,2,1,2,0.518155,0.97199076,2,3,0.5110054,0.6670165,3,3,0.50515866,0.57673824
205.0,773.0,2,2,3,3,0.5641235,0.57741207,4,3,0.5673593,0.49937797,4,4,0.82276213,0.8735687
226.0,770.0,4,3,4,4,0.98732996,0.82548755,4,4,0.993361,0.9850235,4,4,0.9933843,0.99667716
235.0,777.0,2,2,3,2,0.46661916,0.5929668,3,3,0.5855008,0.67469925,4,4,0.68156284,0.75901544
227.0,763.0,2,2,3,3,0.58445215,0.5645548,3,3,0.5730997,0.66102266,4,4,0.7156892,0.4999838
210.0,781.0,2,2,3,2,0.5943621,0.90360683,4,3,0.5744968,0.6413523,4,3,0.82226294,0.7177913
247.0,799.0,2,2,3,2,0.4464118,0.95085573,4,3,0.41492882,0.5926822,4,4,0.68002903,0.6293689
247.0,789.0,2,2,3,2,0.4927319,0.8905894,3,3,0.47502372,0.5838204,4,4,0.6681199,0.60131055
247.0,790.0,2,2,3,2,0.4927319,0.8905894,3,3,0.47502372,0.5838204,4,4,0.6681199,0.60131055
247.0,792.0,2,2,3,2,0.4927319,0.8905894,3,3,0.47502372,0.5838204,4,4,0.6681199,0.60131055
242.0,396.0,4,3,4,4,0.9438188,0.5676778,4,4,0.952245,0.9129014,4,4,0.97887737,0.9991541
247.0,791.0,2,2,3,2,0.4927319,0.8905894,3,3,0.47502372,0.5838204,4,4,0.6681199,0.60131055
247.0,796.0,2,2,3,2,0.4927319,0.8905894,3,3,0.47502372,0.5838204,4,4,0.6681199,0.60131055
247.0,797.0,2,2,3,2,0.4464118,0.95085573,4,3,0.41492882,0.5926822,4,4,0.68002903,0.6293689
247.0,798.0,2,3,3,2,0.4464118,0.5525454,4,4,0.41492882,0.71273184,4,4,0.68002903,0.99116546
242.0,386.0,4,3,4,3,0.9333035,0.62866706,4,4,0.9482803,0.8588701,4,4,0.9754017,0.99924797
185.0,186.0,2,2,2,3,0.4626873,0.74093467,4,3,0.56472546,0.5953347,4,4,0.8380655,0.80119795
248.0,819.0,1,2,2,3,0.51596063,0.5608576,2,3,0.5708883,0.5722344,2,4,0.40454447,0.8083574
211.0,801.0,2,2,3,3,0.69843787,0.7535715,3,4,0.55760866,0.5417639,4,4,0.57976454,0.92616826
211.0,809.0,3,2,3,3,0.5192757,0.7667914,4,3,0.70371795,0.50913876,4,4,0.9158354,0.8963277
248.0,820.0,1,2,2,3,0.51596063,0.5608576,2,3,0.5708883,0.5722344,2,4,0.40454447,0.8083574
211.0,810.0,3,2,3,3,0.5192757,0.7667914,4,3,0.70371795,0.50913876,4,4,0.9158354,0.8963277
248.0,823.0,2,2,3,3,0.56602776,0.5608576,4,3,0.4353832,0.5722344,4,4,0.6313331,0.8083574
211.0,802.0,2,2,3,3,0.69843787,0.7535715,3,4,0.55760866,0.5417639,4,4,0.57976454,0.92616826
211.0,811.0,3,2,3,3,0.5192757,0.7667914,4,3,0.70371795,0.50913876,4,4,0.9158354,0.8963277
211.0,803.0,2,2,3,3,0.69843787,0.7535715,3,4,0.55760866,0.5417639,4,4,0.57976454,0.92616826
248.0,824.0,1,2,2,3,0.51596063,0.5608576,2,3,0.5708883,0.5722344,2,4,0.40454447,0.8083574
211.0,812.0,3,2,4,3,0.510718,0.48103204,4,4,0.7769815,0.65605354,4,4,0.94518864,0.957871
248.0,816.0,2,2,3,3,0.56602776,0.5608576,4,3,0.4353832,0.5722344,4,4,0.6313331,0.8083574
211.0,804.0,2,2,3,3,0.69843787,0.7535715,3,4,0.55760866,0.5417639,4,4,0.57976454,0.92616826
211.0,813.0,3,2,4,3,0.510718,0.48103204,4,4,0.7769815,0.65605354,4,4,0.94518864,0.957871
211.0,814.0,3,2,4,3,0.510718,0.48103204,4,4,0.7769815,0.65605354,4,4,0.94518864,0.957871
211.0,808.0,2,2,3,3,0.78739166,0.7667914,3,3,0.61583936,0.50913876,4,4,0.5087256,0.8963277
248.0,821.0,1,2,2,3,0.51596063,0.5608576,2,3,0.5708883,0.5722344,2,4,0.40454447,0.8083574
248.0,818.0,3,2,4,3,0.7103525,0.5608576,4,3,0.86209697,0.5722344,4,4,0.95870465,0.8083574
211.0,805.0,3,2,3,3,0.494246,0.7535715,4,4,0.7281606,0.5417639,4,4,0.936352,0.92616826
211.0,806.0,2,2,3,3,0.69843787,0.7535715,3,4,0.55760866,0.5417639,4,4,0.57976454,0.92616826
211.0,815.0,3,2,4,3,0.510718,0.48103204,4,4,0.7769815,0.65605354,4,4,0.94518864,0.957871
248.0,825.0,2,3,3,4,0.56602776,0.8943825,4,4,0.4353832,0.94554985,4,4,0.6313331,0.99861145
211.0,800.0,1,2,2,3,0.50490266,0.7535715,2,4,0.54904944,0.5417639,2,4,0.4673195,0.92616826
211.0,807.0,2,2,3,3,0.78739166,0.7667914,3,3,0.61583936,0.50913876,4,4,0.5087256,0.8963277
248.0,822.0,2,2,3,3,0.56602776,0.5608576,4,3,0.4353832,0.5722344,4,4,0.6313331,0.8083574
248.0,831.0,3,2,4,3,0.65984815,0.46165314,4,4,0.84123,0.52670145,4,4,0.948032,0.8578261
248.0,835.0,3,2,4,2,0.76681846,0.46089926,4,4,0.88337934,0.58754116,4,4,0.9696517,0.9183696
229.0,848.0,1,2,2,3,0.6553802,0.670457,2,3,0.76208013,0.9376169,2,4,0.54167825,0.59993297
248.0,827.0,3,3,4,4,0.65984815,0.9420859,4,4,0.84123,0.9679483,4,4,0.948032,0.999655
229.0,843.0,2,3,3,4,0.6200687,0.74190825,3,4,0.4709958,0.9298609,4,4,0.76149046,0.9978174
254.0,850.0,3,3,4,3,0.7059288,0.88602245,4,3,0.68664515,0.67710376,4,4,0.88095117,0.98567975
251.0,842.0,3,3,4,4,0.8407048,0.72285503,4,4,0.90586716,0.9789788,4,4,0.95612156,0.9992138
229.0,844.0,3,3,4,4,0.686085,0.74190825,4,4,0.80817556,0.9298609,4,4,0.9629369,0.9978174
248.0,828.0,3,2,4,3,0.65984815,0.46165314,4,4,0.84123,0.52670145,4,4,0.948032,0.8578261
248.0,817.0,3,2,4,3,0.7103525,0.5608576,4,3,0.86209697,0.5722344,4,4,0.95870465,0.8083574
256.0,838.0,2,3,2,4,0.4882802,0.69606227,3,4,0.4542025,0.9560274,4,4,0.76799697,0.96760255
219.0,839.0,2,2,3,3,0.72718734,0.8124519,3,4,0.53521806,0.52136123,4,4,0.70328736,0.94085443
219.0,840.0,3,3,3,3,0.69976985,0.71644574,4,4,0.53614414,0.7922697,4,4,0.8460629,0.93317837
248.0,832.0,2,2,3,3,0.692787,0.46165314,3,4,0.48992682,0.52670145,4,4,0.5778756,0.8578261
229.0,836.0,1,2,2,3,0.59105474,0.822313,2,3,0.6886602,0.6262405,2,4,0.5151342,0.9208552
248.0,829.0,2,2,3,3,0.692787,0.46165314,3,4,0.48992682,0.52670145,4,4,0.5778756,0.8578261
248.0,833.0,3,3,4,4,0.65984815,0.9420859,4,4,0.84123,0.9679483,4,4,0.948032,0.999655
229.0,846.0,3,3,4,4,0.686085,0.74190825,4,4,0.80817556,0.9298609,4,4,0.9629369,0.9978174
248.0,830.0,1,2,1,3,0.54865897,0.46165314,2,4,0.42568073,0.52670145,2,4,0.36150208,0.8578261
229.0,847.0,2,3,3,4,0.6200687,0.74190825,3,4,0.4709958,0.9298609,4,4,0.76149046,0.9978174
248.0,834.0,3,2,4,2,0.76681846,0.46089926,4,4,0.88337934,0.58754116,4,4,0.9696517,0.9183696
229.0,837.0,2,3,3,4,0.6200687,0.74190825,3,4,0.4709958,0.9298609,4,4,0.76149046,0.9978174
248.0,826.0,2,2,3,3,0.692787,0.46165314,3,4,0.48992682,0.52670145,4,4,0.5778756,0.8578261
254.0,856.0,2,2,3,3,0.61940384,0.44196865,4,3,0.458971,0.7386893,4,4,0.662708,0.8808126
217.0,877.0,2,2,3,3,0.49902582,0.57505757,4,3,0.4889752,0.72113365,4,4,0.6259714,0.8482916
254.0,864.0,2,2,3,3,0.61940384,0.44196865,4,3,0.458971,0.7386893,4,4,0.662708,0.8808126
209.0,853.0,2,3,3,3,0.76698416,0.7217066,4,4,0.52727515,0.75097513,4,4,0.68173885,0.99254155
254.0,857.0,2,2,3,3,0.61940384,0.44196865,4,3,0.458971,0.7386893,4,4,0.662708,0.8808126
217.0,878.0,2,2,3,3,0.49902582,0.57505757,4,3,0.4889752,0.72113365,4,4,0.6259714,0.8482916
254.0,859.0,2,2,3,3,0.61940384,0.44196865,4,3,0.458971,0.7386893,4,4,0.662708,0.8808126
217.0,879.0,2,2,3,3,0.5604026,0.55879265,4,3,0.4960843,0.7625956,4,4,0.7419269,0.9038844
254.0,860.0,2,2,3,2,0.5642193,0.67432547,4,3,0.46030506,0.83945346,4,4,0.6466347,0.6199994
254.0,852.0,4,2,4,2,0.8206378,0.67432547,4,3,0.82135564,0.83945346,4,4,0.8943267,0.6199994
209.0,861.0,2,3,3,3,0.80192274,0.6739865,4,4,0.5018924,0.82380533,4,4,0.6946133,0.99567187
254.0,862.0,2,2,3,2,0.5642193,0.67432547,4,3,0.46030506,0.83945346,4,4,0.6466347,0.6199994
217.0,870.0,2,2,3,3,0.49902582,0.57505757,4,3,0.4889752,0.72113365,4,4,0.6259714,0.8482916
217.0,871.0,2,2,3,3,0.49902582,0.57505757,4,3,0.4889752,0.72113365,4,4,0.6259714,0.8482916
217.0,872.0,2,2,3,3,0.4962226,0.68428826,4,3,0.48862684,0.49993116,4,4,0.6646667,0.90235144
217.0,873.0,1,2,2,3,0.5512181,0.57505757,2,3,0.67706436,0.72113365,2,4,0.51983905,0.8482916
234.0,1237.0,4,3,4,3,0.95701426,0.53293884,4,4,0.9679385,0.93078357,4,4,0.98347324,0.99435025
209.0,858.0,2,3,3,3,0.80192274,0.6739865,4,4,0.5018924,0.82380533,4,4,0.6946133,0.99567187
254.0,854.0,2,2,3,2,0.5642193,0.67432547,4,3,0.46030506,0.83945346,4,4,0.6466347,0.6199994
217.0,867.0,2,2,3,3,0.4962226,0.68428826,4,3,0.48862684,0.49993116,4,4,0.6646667,0.90235144
217.0,875.0,2,2,3,3,0.5604026,0.55879265,4,3,0.4960843,0.7625956,4,4,0.7419269,0.9038844
217.0,876.0,2,2,3,3,0.5604026,0.55879265,4,3,0.4960843,0.7625956,4,4,0.7419269,0.9038844
254.0,855.0,2,2,3,2,0.5642193,0.67432547,4,3,0.46030506,0.83945346,4,4,0.6466347,0.6199994
254.0,863.0,1,2,2,2,0.447514,0.67432547,2,3,0.52891773,0.83945346,2,4,0.41756022,0.6199994
217.0,868.0,2,2,3,3,0.4962226,0.68428826,4,3,0.48862684,0.49993116,4,4,0.6646667,0.90235144
217.0,869.0,2,2,3,3,0.49902582,0.57505757,4,3,0.4889752,0.72113365,4,4,0.6259714,0.8482916
195.0,886.0,4,3,4,3,0.97817117,0.5523217,4,4,0.98157537,0.9411149,4,4,0.98595977,0.9872531
195.0,883.0,2,2,3,3,0.49666017,0.8418055,4,4,0.49144188,0.71342736,4,4,0.7569662,0.93664026
196.0,900.0,2,2,3,2,0.6846347,0.7522285,4,4,0.63717693,0.7796924,4,4,0.8282746,0.7596256
195.0,889.0,3,2,4,3,0.8126722,0.64307135,4,4,0.92258006,0.5618454,4,4,0.9653984,0.7804191
259.0,906.0,2,3,3,3,0.5644296,0.59687614,3,4,0.5981648,0.8858257,4,4,0.751946,0.97009027
196.0,895.0,2,3,3,4,0.6846347,0.8532571,4,4,0.63717693,0.97931254,4,4,0.8282746,0.97591984
195.0,887.0,3,2,4,3,0.8126722,0.64307135,4,4,0.92258006,0.5618454,4,4,0.9653984,0.7804191
196.0,903.0,3,4,4,4,0.7256999,0.9981933,4,4,0.9026485,0.9995865,4,4,0.95624906,0.9965947
196.0,896.0,2,2,3,2,0.6846347,0.7522285,4,4,0.63717693,0.7796924,4,4,0.8282746,0.7596256
196.0,901.0,3,3,4,4,0.74568224,0.8532571,4,4,0.9101967,0.97931254,4,4,0.96030325,0.97591984
195.0,892.0,4,4,4,4,0.97865033,0.9835073,4,4,0.9791836,0.9987213,4,4,0.9862968,0.9980762
195.0,894.0,3,2,4,3,0.8316704,0.6107282,4,4,0.9190639,0.62007093,4,4,0.96742946,0.86662555
259.0,905.0,2,2,3,2,0.5644296,0.605848,3,4,0.5981648,0.40972286,4,4,0.751946,0.5809477
195.0,881.0,3,2,4,3,0.77677655,0.8418055,4,4,0.9142346,0.71342736,4,4,0.9598592,0.93664026
196.0,897.0,3,4,4,4,0.7256999,0.9981933,4,4,0.9026485,0.9995865,4,4,0.95624906,0.9965947
196.0,898.0,2,2,3,2,0.6846347,0.7522285,4,4,0.63717693,0.7796924,4,4,0.8282746,0.7596256
195.0,882.0,2,2,3,3,0.49666017,0.8418055,4,4,0.49144188,0.71342736,4,4,0.7569662,0.93664026
196.0,902.0,3,4,4,4,0.7256999,0.9981933,4,4,0.9026485,0.9995865,4,4,0.95624906,0.9965947
259.0,907.0,2,2,3,2,0.5644296,0.605848,3,4,0.5981648,0.40972286,4,4,0.751946,0.5809477
195.0,885.0,4,3,4,3,0.97817117,0.5523217,4,4,0.98157537,0.9411149,4,4,0.98595977,0.9872531
195.0,891.0,4,3,4,4,0.97865033,0.577238,4,4,0.9791836,0.96454394,4,4,0.9862968,0.9925721
195.0,890.0,3,2,4,3,0.8316704,0.6107282,4,4,0.9190639,0.62007093,4,4,0.96742946,0.86662555
195.0,893.0,2,2,2,3,0.4711007,0.6107282,3,4,0.4569932,0.62007093,4,4,0.76697624,0.86662555
196.0,899.0,0,2,1,4,0.8552407,0.441243,1,4,0.6611811,0.9411506,1,4,0.4867307,0.96367824
238.0,932.0,2,2,3,3,0.6154855,0.6382602,3,3,0.5211223,0.7336533,4,3,0.6620177,0.5225723
259.0,915.0,1,2,1,3,0.52663594,0.6067054,2,4,0.40092045,0.441099,3,4,0.42502505,0.74827546
238.0,926.0,2,3,3,3,0.600147,0.64038646,3,4,0.45879626,0.7836487,4,4,0.6208775,0.9887566
259.0,908.0,2,2,3,2,0.56339186,0.56035817,3,3,0.5504106,0.4247185,4,4,0.80025893,0.54744136
259.0,917.0,1,2,1,2,0.5351643,0.56035817,2,3,0.43783224,0.4247185,3,4,0.43225133,0.54744136
186.0,920.0,3,2,4,2,0.8993559,0.68701893,4,3,0.901929,0.50135344,4,4,0.97727966,0.8006698
259.0,909.0,1,3,1,3,0.5351643,0.72788006,2,4,0.43783224,0.74209684,3,4,0.43225133,0.95243406
238.0,930.0,2,2,3,3,0.6154855,0.6382602,3,3,0.5211223,0.7336533,4,3,0.6620177,0.5225723
260.0,934.0,0,2,1,3,0.5854592,0.55154526,1,3,0.46926677,0.6280976,2,4,0.5479378,0.87761945
238.0,927.0,2,2,3,2,0.600147,0.674236,3,3,0.45879626,0.78966486,4,4,0.6208775,0.4992727
238.0,924.0,2,2,3,3,0.58510655,0.5678764,4,3,0.4504412,0.5425634,4,4,0.6736414,0.8816688
259.0,912.0,1,2,1,2,0.519173,0.605848,3,4,0.4150821,0.40972286,3,4,0.44829682,0.5809477
259.0,910.0,1,2,1,3,0.52663594,0.6067054,2,4,0.40092045,0.441099,3,4,0.42502505,0.74827546
238.0,928.0,2,2,3,3,0.6154855,0.6382602,3,3,0.5211223,0.7336533,4,3,0.6620177,0.5225723
259.0,918.0,1,2,1,3,0.52663594,0.6067054,2,4,0.40092045,0.441099,3,4,0.42502505,0.74827546
186.0,921.0,2,2,3,2,0.6290051,0.68701893,4,3,0.47412923,0.50135344,4,4,0.86838377,0.8006698
259.0,919.0,0,2,1,2,0.7668659,0.56035817,2,3,0.48146582,0.4247185,2,4,0.41973564,0.54744136
259.0,913.0,2,3,3,3,0.5644296,0.59687614,3,4,0.5981648,0.8858257,4,4,0.751946,0.97009027
260.0,944.0,2,2,3,3,0.7561492,0.55154526,4,3,0.52694845,0.6280976,4,4,0.8555172,0.87761945
261.0,948.0,0,0,1,1,0.57503086,0.9872974,1,1,0.44572812,0.9555913,2,2,0.35555455,0.54172236
260.0,941.0,2,2,3,3,0.7561492,0.55154526,4,3,0.52694845,0.6280976,4,4,0.8555172,0.87761945
260.0,945.0,3,2,4,2,0.7859699,0.527649,4,3,0.92474717,0.61218363,4,4,0.96618205,0.8178176
260.0,946.0,3,2,4,2,0.7859699,0.527649,4,3,0.92474717,0.61218363,4,4,0.96618205,0.8178176
260.0,942.0,2,2,3,2,0.75044197,0.527649,4,3,0.57915395,0.61218363,4,4,0.8511016,0.8178176
260.0,947.0,3,2,4,2,0.7859699,0.527649,4,3,0.92474717,0.61218363,4,4,0.96618205,0.8178176
260.0,943.0,2,2,3,2,0.75044197,0.527649,4,3,0.57915395,0.61218363,4,4,0.8511016,0.8178176
205.0,950.0,3,2,4,3,0.855098,0.57741207,4,3,0.95428795,0.49937797,4,4,0.9740337,0.8735687
225.0,951.0,3,4,4,4,0.860004,0.9976132,4,4,0.9561879,0.99941564,4,4,0.9722201,0.99922466
218.0,952.0,2,3,3,3,0.5547768,0.7613889,3,4,0.5161171,0.744425,4,4,0.6524164,0.9909691
233.0,981.0,4,3,4,3,0.9360741,0.79179835,4,4,0.92666614,0.7892079,4,4,0.9319668,0.97380257
233.0,977.0,2,3,3,3,0.67457974,0.79179835,3,4,0.5206063,0.7892079,4,4,0.74695563,0.97380257
233.0,979.0,2,2,3,3,0.7135247,0.7072086,4,3,0.46122503,0.49461254,4,4,0.78674823,0.84938276
233.0,988.0,2,2,3,3,0.7135247,0.7072086,4,3,0.46122503,0.49461254,4,4,0.78674823,0.84938276
233.0,984.0,2,2,3,2,0.7213116,0.75187343,3,3,0.53994626,0.70939976,4,3,0.72777385,0.53435475
218.0,962.0,3,3,4,3,0.5780754,0.66417587,4,4,0.8032998,0.89515686,4,4,0.9532574,0.9971048
238.0,976.0,2,3,3,3,0.6154855,0.6106956,3,4,0.5211223,0.84513235,4,4,0.6620177,0.9910535
233.0,978.0,1,2,2,3,0.7074569,0.7072086,2,3,0.67759037,0.49461254,2,4,0.36174923,0.84938276
233.0,980.0,4,3,4,3,0.9031779,0.8378008,4,4,0.912412,0.6429012,4,4,0.91441107,0.9419118
233.0,983.0,2,2,3,2,0.7213116,0.75187343,3,3,0.53994626,0.70939976,4,3,0.72777385,0.53435475
233.0,985.0,3,2,4,2,0.6844234,0.75187343,4,3,0.8260767,0.70939976,4,3,0.93372047,0.53435475
255.0,963.0,3,3,4,3,0.52323,0.7788326,4,4,0.8074121,0.8099578,4,4,0.912194,0.9731861
239.0,996.0,3,3,4,4,0.6134523,0.68373376,4,4,0.8815018,0.98793423,4,4,0.95716125,0.99962544
239.0,997.0,2,2,3,3,0.80325884,0.83285046,3,3,0.5348117,0.58802694,4,4,0.56109744,0.90830684
239.0,991.0,2,2,3,3,0.7708846,0.87807655,3,3,0.55987537,0.5256885,4,4,0.5855343,0.96547
236.0,1005.0,0,2,1,3,0.8055838,0.7301279,1,4,0.46306697,0.6359619,2,4,0.46339536,0.7684551
239.0,998.0,3,2,4,3,0.5927066,0.83285046,4,3,0.8866258,0.58802694,4,4,0.9471271,0.90830684
239.0,992.0,3,3,4,4,0.6134523,0.68373376,4,4,0.8815018,0.98793423,4,4,0.95716125,0.99962544
184.0,1004.0,3,2,4,3,0.8817899,0.7916053,4,4,0.95859015,0.6642425,4,4,0.9599835,0.915328
235.0,1010.0,2,2,3,2,0.46661916,0.5929668,3,3,0.5855008,0.67469925,4,4,0.68156284,0.75901544
239.0,993.0,1,3,2,3,0.5363097,0.5587891,2,4,0.5359979,0.9921753,2,4,0.46066812,0.99961275
204.0,1013.0,2,2,3,2,0.7926816,0.527649,4,3,0.6100808,0.61218363,4,4,0.7878696,0.8178176
231.0,1002.0,2,2,3,3,0.54863596,0.51751834,3,4,0.52521235,0.6823038,4,4,0.5445791,0.947704
239.0,994.0,3,2,4,3,0.6134523,0.87807655,4,3,0.8815018,0.5256885,4,4,0.95716125,0.96547
262.0,1014.0,3,0,4,1,0.8374141,0.99438196,4,2,0.8188484,0.84326535,4,3,0.96296966,0.7611811
239.0,990.0,2,2,3,3,0.7708846,0.87807655,3,3,0.55987537,0.5256885,4,4,0.5855343,0.96547
235.0,1038.0,3,2,4,2,0.6826993,0.64815384,4,3,0.747252,0.72360057,4,4,0.94228816,0.659003
231.0,1022.0,3,2,4,3,0.6316935,0.77050316,4,4,0.7390343,0.7485037,4,4,0.91656446,0.96031487
231.0,1023.0,3,2,4,2,0.6455402,0.6995772,4,4,0.7121923,0.5844194,4,4,0.8977165,0.8517808
231.0,1024.0,2,2,3,3,0.5822002,0.77050316,3,4,0.54286474,0.7485037,4,4,0.6119088,0.96031487
231.0,1025.0,3,2,4,2,0.6455402,0.6995772,4,4,0.7121923,0.5844194,4,4,0.8977165,0.8517808
231.0,1026.0,4,4,4,4,0.9384719,0.49772048,4,4,0.8951154,0.9983078,4,4,0.9412702,0.9995431
194.0,1027.0,2,2,3,3,0.53420997,0.5237918,4,4,0.68015903,0.71834826,4,4,0.8507604,0.97302276
235.0,1041.0,2,2,3,2,0.5393141,0.64815384,3,3,0.66930205,0.72360057,4,4,0.6791183,0.659003
194.0,1028.0,3,2,4,2,0.91757125,0.73809236,4,4,0.94403213,0.7618575,4,4,0.97063714,0.80010116
239.0,1021.0,3,3,4,3,0.5927066,0.5040874,4,4,0.8866258,0.9751061,4,4,0.9471271,0.99822074
239.0,1018.0,3,3,4,4,0.6134523,0.68373376,4,4,0.8815018,0.98793423,4,4,0.95716125,0.99962544
194.0,1029.0,4,3,4,3,0.9771424,0.85983336,4,4,0.973224,0.94606286,4,4,0.97095,0.99884975
194.0,1030.0,4,2,4,2,0.9771424,0.73809236,4,4,0.973224,0.7618575,4,4,0.97095,0.80010116
194.0,1031.0,4,2,4,2,0.9771424,0.73809236,4,4,0.973224,0.7618575,4,4,0.97095,0.80010116
194.0,1032.0,3,2,4,2,0.9095248,0.7437644,4,4,0.9503027,0.7355687,4,4,0.97185475,0.88689655
194.0,1033.0,3,2,4,3,0.8945824,0.5237918,4,4,0.9456897,0.71834826,4,4,0.96639985,0.97302276
194.0,1034.0,2,2,3,2,0.49908063,0.73809236,4,4,0.6766739,0.7618575,4,4,0.86692053,0.80010116
194.0,1035.0,1,2,2,3,0.6945138,0.5237918,2,4,0.45634684,0.71834826,4,4,0.36923113,0.97302276
194.0,1036.0,0,0,1,1,0.81192064,0.97651505,1,1,0.5547177,0.9140424,1,1,0.39053434,0.8498189
239.0,1020.0,2,3,3,3,0.80325884,0.5040874,3,4,0.5348117,0.9751061,4,4,0.56109744,0.99822074
235.0,1037.0,2,2,3,2,0.46661916,0.5929668,3,3,0.5855008,0.67469925,4,4,0.68156284,0.75901544
235.0,1039.0,2,2,3,2,0.5393141,0.64815384,3,3,0.66930205,0.72360057,4,4,0.6791183,0.659003
239.0,1019.0,3,2,4,3,0.5927066,0.83285046,4,3,0.8866258,0.58802694,4,4,0.9471271,0.90830684
231.0,1016.0,2,2,3,3,0.5822002,0.77050316,3,4,0.54286474,0.7485037,4,4,0.6119088,0.96031487
235.0,1042.0,2,2,3,2,0.5393141,0.64815384,3,3,0.66930205,0.72360057,4,4,0.6791183,0.659003
199.0,1070.0,1,2,2,3,0.5733966,0.64307135,2,4,0.58265036,0.5618454,4,4,0.3695053,0.7804191
199.0,1066.0,1,2,2,3,0.57821584,0.6107282,2,4,0.5262816,0.62007093,3,4,0.34039322,0.86662555
236.0,1056.0,2,3,3,4,0.6094677,0.6821332,3,4,0.5779707,0.97594166,4,4,0.8175866,0.99527407
236.0,1057.0,2,2,3,3,0.55718505,0.7301279,3,4,0.496631,0.6359619,4,4,0.80358696,0.7684551
235.0,1046.0,4,3,4,3,0.9422815,0.83121824,4,4,0.91360176,0.7259694,4,4,0.97016454,0.98327523
236.0,1060.0,2,3,3,3,0.55718505,0.54074764,3,4,0.496631,0.9225444,4,4,0.80358696,0.98933536
236.0,1062.0,1,2,2,3,0.5838407,0.78008866,2,4,0.5196144,0.76792234,3,4,0.3973357,0.8341477
236.0,1053.0,2,3,3,3,0.55718505,0.54074764,3,4,0.496631,0.9225444,4,4,0.80358696,0.98933536
199.0,1065.0,1,2,2,3,0.5733966,0.64307135,2,4,0.58265036,0.5618454,4,4,0.3695053,0.7804191
236.0,1054.0,2,3,3,3,0.55718505,0.54074764,3,4,0.496631,0.9225444,4,4,0.80358696,0.98933536
235.0,1044.0,3,2,4,2,0.7802957,0.5982863,4,3,0.7622564,0.532109,4,4,0.95065314,0.7471136
236.0,1058.0,1,2,2,3,0.54642135,0.7174309,2,4,0.5556205,0.5518132,3,4,0.41563696,0.8416719
199.0,1067.0,0,2,1,3,0.5324192,0.6107282,1,4,0.56908196,0.62007093,2,4,0.36509725,0.86662555
199.0,1063.0,3,3,4,4,0.6669882,0.577238,4,4,0.8338229,0.96454394,4,4,0.95054424,0.9925721
235.0,1049.0,4,2,4,2,0.9422815,0.5982863,4,3,0.91360176,0.532109,4,4,0.97016454,0.7471136
236.0,1055.0,2,2,3,3,0.6094677,0.78008866,3,4,0.5779707,0.76792234,4,4,0.8175866,0.8341477
236.0,1052.0,0,0,1,1,0.7411096,0.96105194,1,2,0.49794543,0.82621205,2,3,0.45145547,0.42045096
199.0,1069.0,1,2,2,3,0.57821584,0.6107282,2,4,0.5262816,0.62007093,3,4,0.34039322,0.86662555
235.0,1045.0,4,3,4,3,0.9422815,0.83121824,4,4,0.91360176,0.7259694,4,4,0.97016454,0.98327523
236.0,1059.0,1,2,2,3,0.54642135,0.7174309,2,4,0.5556205,0.5518132,3,4,0.41563696,0.8416719
199.0,1072.0,2,2,3,3,0.8032357,0.64307135,4,4,0.5889608,0.5618454,4,4,0.87978405,0.7804191
199.0,1074.0,3,3,4,4,0.6669882,0.577238,4,4,0.8338229,0.96454394,4,4,0.95054424,0.9925721
220.0,1081.0,1,2,2,2,0.51431525,0.80672646,2,3,0.43862844,0.63244754,3,4,0.4841603,0.77205616
220.0,1082.0,3,3,4,3,0.8186666,0.5008039,4,4,0.90450066,0.64574003,4,4,0.9520189,0.9909566
220.0,1085.0,2,3,3,3,0.4560944,0.5706616,4,4,0.514791,0.79267955,4,4,0.747453,0.9965431
220.0,1083.0,2,3,3,3,0.4560944,0.5706616,4,4,0.514791,0.79267955,4,4,0.747453,0.9965431
236.0,1078.0,2,2,3,3,0.6094677,0.78008866,3,4,0.5779707,0.76792234,4,4,0.8175866,0.8341477
220.0,1090.0,3,3,4,3,0.851837,0.5706616,4,4,0.924076,0.79267955,4,4,0.96025586,0.9965431
220.0,1091.0,4,3,4,3,0.97833496,0.5706616,4,4,0.97891563,0.79267955,4,4,0.9819542,0.9965431
199.0,1073.0,3,3,4,4,0.6669882,0.577238,4,4,0.8338229,0.96454394,4,4,0.95054424,0.9925721
220.0,1087.0,3,3,4,3,0.7829282,0.6421412,4,4,0.9094253,0.75340766,4,4,0.9573285,0.9972402
220.0,1088.0,3,3,4,3,0.7829282,0.6421412,4,4,0.9094253,0.75340766,4,4,0.9573285,0.9972402
220.0,1089.0,4,3,4,3,0.9700832,0.6421412,4,4,0.97728366,0.75340766,4,4,0.98317266,0.9972402
205.0,1095.0,4,3,4,3,0.97254723,0.74919534,4,4,0.9846732,0.9215237,4,4,0.9891775,0.99880874
236.0,1079.0,2,2,3,3,0.6094677,0.78008866,3,4,0.5779707,0.76792234,4,4,0.8175866,0.8341477
226.0,230.0,3,2,4,2,0.8402983,0.49691254,4,4,0.9658412,0.42216575,4,4,0.9762624,0.86652094
183.0,1092.0,2,2,3,3,0.52885437,0.5618237,3,3,0.4883925,0.56883866,4,4,0.83856696,0.7195553
218.0,953.0,3,3,4,3,0.5139916,0.7613889,4,4,0.7557216,0.744425,4,4,0.93096817,0.9909691
218.0,954.0,2,3,3,3,0.5547768,0.7613889,3,4,0.5161171,0.744425,4,4,0.6524164,0.9909691
218.0,955.0,1,3,2,3,0.5437366,0.7613889,2,4,0.60985374,0.744425,2,4,0.42591634,0.9909691
199.0,1071.0,1,2,2,3,0.5733966,0.64307135,2,4,0.58265036,0.5618454,4,4,0.3695053,0.7804191
220.0,1080.0,1,2,2,2,0.51431525,0.80672646,2,3,0.43862844,0.63244754,3,4,0.4841603,0.77205616
220.0,1084.0,4,3,4,3,0.97671264,0.5008039,4,4,0.97694653,0.64574003,4,4,0.98078316,0.9909566
199.0,1076.0,1,2,2,3,0.5733966,0.64307135,2,4,0.58265036,0.5618454,4,4,0.3695053,0.7804191
218.0,956.0,2,3,3,3,0.49567163,0.66417587,3,4,0.44244105,0.89515686,4,4,0.69647497,0.9971048
218.0,957.0,3,3,4,3,0.5780754,0.66417587,4,4,0.8032998,0.89515686,4,4,0.9532574,0.9971048
218.0,958.0,3,3,4,3,0.5780754,0.66417587,4,4,0.8032998,0.89515686,4,4,0.9532574,0.9971048
218.0,959.0,2,3,3,3,0.49567163,0.66417587,3,4,0.44244105,0.89515686,4,4,0.69647497,0.9971048
218.0,960.0,2,3,3,3,0.49567163,0.66417587,3,4,0.44244105,0.89515686,4,4,0.69647497,0.9971048
218.0,961.0,1,3,2,3,0.65298265,0.66417587,2,4,0.60350335,0.89515686,2,4,0.40542686,0.9971048
242.0,1096.0,3,3,4,3,0.6752594,0.62866706,4,4,0.8430742,0.8588701,4,4,0.9483479,0.99924797
242.0,1106.0,3,2,4,2,0.6752594,0.47078484,4,3,0.8430742,0.51828486,4,4,0.9483479,0.8188491
242.0,1099.0,3,3,4,4,0.7205275,0.5676778,4,4,0.86599994,0.9129014,4,4,0.95973283,0.9991541
242.0,1100.0,3,2,4,2,0.6752594,0.47078484,4,3,0.8430742,0.51828486,4,4,0.9483479,0.8188491
242.0,1113.0,4,2,4,3,0.9438188,0.51863414,4,4,0.952245,0.49759537,4,4,0.97887737,0.8305179
242.0,1107.0,2,2,2,3,0.512331,0.51863414,3,4,0.45210177,0.49759537,4,4,0.8266707,0.8305179
242.0,1097.0,3,2,4,3,0.5885891,0.5790873,4,3,0.8369624,0.536561,4,4,0.9441816,0.89903075
242.0,1112.0,3,3,4,4,0.7205275,0.5676778,4,4,0.86599994,0.9129014,4,4,0.95973283,0.9991541
242.0,1101.0,2,2,2,3,0.512331,0.51863414,3,4,0.45210177,0.49759537,4,4,0.8266707,0.8305179
242.0,1110.0,4,2,4,3,0.9230539,0.5790873,4,3,0.9453514,0.536561,4,4,0.97554,0.89903075
242.0,1108.0,4,2,4,2,0.9333035,0.47078484,4,3,0.9482803,0.51828486,4,4,0.9754017,0.8188491
242.0,1114.0,4,2,4,3,0.9438188,0.51863414,4,4,0.952245,0.49759537,4,4,0.97887737,0.8305179
242.0,1109.0,4,2,4,2,0.9333035,0.47078484,4,3,0.9482803,0.51828486,4,4,0.9754017,0.8188491
255.0,964.0,3,3,4,3,0.52323,0.7788326,4,4,0.8074121,0.8099578,4,4,0.912194,0.9731861
255.0,965.0,2,3,3,3,0.71637416,0.7788326,3,4,0.49398115,0.8099578,4,4,0.8064341,0.9731861
255.0,966.0,2,3,3,3,0.72548,0.76611555,3,4,0.49175832,0.862889,4,4,0.8199729,0.9897635
255.0,967.0,2,3,3,3,0.72548,0.76611555,3,4,0.49175832,0.862889,4,4,0.8199729,0.9897635
255.0,968.0,2,3,3,3,0.72548,0.76611555,3,4,0.49175832,0.862889,4,4,0.8199729,0.9897635
255.0,969.0,2,3,3,3,0.72548,0.76611555,3,4,0.49175832,0.862889,4,4,0.8199729,0.9897635
255.0,970.0,2,3,3,3,0.72548,0.76611555,3,4,0.49175832,0.862889,4,4,0.8199729,0.9897635
255.0,971.0,3,4,4,4,0.54705715,0.9453532,4,4,0.842276,0.9911875,4,4,0.9239886,0.99927384
255.0,972.0,3,3,4,3,0.54705715,0.64319843,4,4,0.842276,0.81325674,4,4,0.9239886,0.99605656
255.0,973.0,2,3,3,3,0.7363606,0.64319843,4,4,0.53533226,0.81325674,4,4,0.8176008,0.99605656
255.0,974.0,2,2,3,3,0.7363606,0.6489022,4,3,0.53533226,0.5436006,4,4,0.8176008,0.7724302
257.0,1116.0,2,2,3,3,0.5964752,0.6285146,3,3,0.59116304,0.5604437,4,4,0.7489566,0.8544617
257.0,1119.0,1,2,2,3,0.4958629,0.6285146,2,3,0.46175215,0.5604437,3,4,0.45479557,0.8544617
257.0,1126.0,0,2,1,3,0.76324576,0.69917816,1,3,0.5415155,0.5766191,2,4,0.436672,0.9207326
257.0,1128.0,2,2,3,3,0.64478797,0.69917816,3,3,0.6169821,0.5766191,4,4,0.7214379,0.9207326
199.0,1075.0,4,4,4,4,0.7905792,0.9835073,4,4,0.8778692,0.9987213,4,4,0.9332211,0.9980762
240.0,1131.0,3,2,4,3,0.8892552,0.55846167,4,4,0.93854374,0.50510436,4,4,0.9687083,0.7447482
257.0,1129.0,2,2,3,3,0.64478797,0.69917816,3,3,0.6169821,0.5766191,4,4,0.7214379,0.9207326
257.0,1130.0,2,3,3,3,0.64478797,0.8303066,3,4,0.6169821,0.74964267,4,4,0.7214379,0.980552
263.0,1133.0,0,3,0,3,0.5113224,0.49560106,1,4,0.49650154,0.78709483,2,4,0.40874264,0.9345877
198.0,1137.0,2,2,2,3,0.55466366,0.7008847,3,3,0.6506529,0.5578196,4,3,0.5037459,0.6653129
198.0,1139.0,1,2,1,2,0.517603,0.7013246,2,3,0.5766443,0.60513645,3,3,0.41857955,0.6395277
198.0,1140.0,0,0,1,1,0.7269475,0.9513982,1,2,0.4073619,0.72391135,2,3,0.48637152,0.6868947
198.0,1141.0,0,0,1,1,0.7269475,0.9513982,1,2,0.4073619,0.72391135,2,3,0.48637152,0.6868947
198.0,1143.0,2,2,2,3,0.57951915,0.58522403,3,3,0.6281973,0.5487124,4,4,0.53755057,0.54978234
198.0,1146.0,1,2,2,3,0.51322925,0.58522403,2,3,0.52140844,0.5487124,3,4,0.4717275,0.54978234
198.0,1136.0,1,2,1,3,0.4913833,0.7008847,2,3,0.5334933,0.5578196,3,3,0.50152326,0.6653129
198.0,1135.0,1,2,1,3,0.4913833,0.7008847,2,3,0.5334933,0.5578196,3,3,0.50152326,0.6653129
262.0,1150.0,1,0,2,1,0.7335265,0.99438196,3,2,0.5029051,0.84326535,4,3,0.7469519,0.7611811
262.0,1157.0,3,4,4,4,0.8063248,0.82993156,4,4,0.7849593,0.99226063,4,4,0.95800555,0.99774206
198.0,1138.0,2,2,2,3,0.55466366,0.7008847,3,3,0.6506529,0.5578196,4,3,0.5037459,0.6653129
261.0,1159.0,0,0,1,1,0.58791643,0.98661685,1,1,0.48911688,0.9044227,2,2,0.4037865,0.40070823
264.0,1153.0,0,3,1,4,0.669832,0.9429294,2,4,0.5622904,0.99799913,2,4,0.3703411,0.999915
262.0,1152.0,0,3,1,4,0.7636295,0.8561895,2,4,0.6176904,0.9964695,2,4,0.37112728,0.99929166
262.0,1134.0,4,0,4,1,0.95128167,0.99438196,4,2,0.935758,0.84326535,4,3,0.957582,0.7611811
264.0,1163.0,3,0,4,1,0.6798624,0.98719156,4,2,0.7198436,0.7613872,4,3,0.9354081,0.60858274
263.0,1164.0,0,4,0,4,0.5410115,0.93956214,1,4,0.49802,0.9888381,2,4,0.37744674,0.988468
239.0,1167.0,2,3,3,3,0.80325884,0.5040874,3,4,0.5348117,0.9751061,4,4,0.56109744,0.99822074
218.0,1168.0,1,3,2,3,0.53411204,0.822652,2,4,0.57839495,0.6306177,2,4,0.4261198,0.9682515
218.0,1169.0,2,2,3,3,0.52716696,0.8678895,3,3,0.505966,0.8978931,4,4,0.65565646,0.6184973
218.0,1170.0,1,2,2,3,0.53411204,0.8678895,2,3,0.57839495,0.8978931,2,4,0.4261198,0.6184973
218.0,1171.0,2,2,3,3,0.52716696,0.8678895,3,3,0.505966,0.8978931,4,4,0.65565646,0.6184973
218.0,1172.0,2,2,3,3,0.52716696,0.8678895,3,3,0.505966,0.8978931,4,4,0.65565646,0.6184973
218.0,1173.0,3,3,4,3,0.5603545,0.822652,4,4,0.757151,0.6306177,4,4,0.9159752,0.9682515
218.0,1175.0,3,3,4,3,0.5603545,0.822652,4,4,0.757151,0.6306177,4,4,0.9159752,0.9682515
218.0,1176.0,1,2,2,3,0.5437366,0.8031298,2,3,0.60985374,0.83819294,2,4,0.42591634,0.5406687
218.0,1177.0,2,2,3,3,0.5547768,0.8031298,3,3,0.5161171,0.83819294,4,4,0.6524164,0.5406687
218.0,1179.0,2,2,3,3,0.49567163,0.91555524,3,3,0.44244105,0.62651104,4,4,0.69647497,0.87673384
255.0,1187.0,0,0,1,1,0.8182985,0.7578237,1,2,0.45398694,0.93165845,2,2,0.5540303,0.8306975
255.0,1186.0,2,2,3,2,0.71637416,0.56537277,3,3,0.49398115,0.61495656,4,4,0.8064341,0.6407896
218.0,1180.0,3,3,4,3,0.5780754,0.66417587,4,4,0.8032998,0.89515686,4,4,0.9532574,0.9971048
218.0,1181.0,1,2,2,3,0.65298265,0.91555524,2,3,0.60350335,0.62651104,2,4,0.40542686,0.87673384
255.0,1182.0,0,0,1,1,0.8182985,0.7578237,1,2,0.45398694,0.93165845,2,2,0.5540303,0.8306975
255.0,1183.0,0,0,1,1,0.8182985,0.7578237,1,2,0.45398694,0.93165845,2,2,0.5540303,0.8306975
255.0,1184.0,1,2,2,2,0.5534414,0.56537277,2,3,0.48150268,0.61495656,3,4,0.37442207,0.6407896
255.0,1185.0,2,2,3,2,0.71637416,0.56537277,3,3,0.49398115,0.61495656,4,4,0.8064341,0.6407896
255.0,1189.0,2,2,3,2,0.71637416,0.56537277,3,3,0.49398115,0.61495656,4,4,0.8064341,0.6407896
218.0,1174.0,3,3,4,3,0.5603545,0.822652,4,4,0.757151,0.6306177,4,4,0.9159752,0.9682515
218.0,1178.0,2,2,3,3,0.5547768,0.8031298,3,3,0.5161171,0.83819294,4,4,0.6524164,0.5406687
255.0,1188.0,1,2,2,2,0.5534414,0.56537277,2,3,0.48150268,0.61495656,3,4,0.37442207,0.6407896
255.0,1191.0,2,3,3,3,0.72548,0.76611555,3,4,0.49175832,0.862889,4,4,0.8199729,0.9897635
255.0,1192.0,2,2,3,2,0.72548,0.5882484,3,3,0.49175832,0.49648908,4,3,0.8199729,0.6627642
255.0,1193.0,2,2,3,2,0.72548,0.5882484,3,3,0.49175832,0.49648908,4,3,0.8199729,0.6627642
255.0,1194.0,2,2,3,3,0.7363606,0.6489022,4,3,0.53533226,0.5436006,4,4,0.8176008,0.7724302
200.0,1207.0,2,3,3,3,0.75187814,0.8009387,4,4,0.52143645,0.9069493,4,4,0.7875514,0.99624014
200.0,1208.0,4,3,4,3,0.91301787,0.8009387,4,4,0.96503055,0.9069493,4,4,0.9673592,0.99624014
200.0,1197.0,1,2,2,3,0.69249636,0.81542236,2,3,0.6378858,0.63814235,3,4,0.3357595,0.9586459
200.0,1198.0,2,2,3,3,0.7511915,0.81542236,4,3,0.5400418,0.63814235,4,4,0.7620662,0.9586459
200.0,1209.0,2,3,3,3,0.72102207,0.6948094,4,4,0.48083198,0.94357467,4,4,0.7726528,0.9991548
200.0,1201.0,2,3,3,3,0.72102207,0.6948094,4,4,0.48083198,0.94357467,4,4,0.7726528,0.9991548
200.0,1202.0,4,4,4,4,0.9232697,0.966404,4,4,0.9597002,0.9974246,4,4,0.96339047,0.9994777
200.0,1210.0,4,3,4,3,0.9232697,0.6948094,4,4,0.9597002,0.94357467,4,4,0.96339047,0.9991548
186.0,1213.0,2,2,3,2,0.6290051,0.68701893,4,3,0.47412923,0.50135344,4,4,0.86838377,0.8006698
200.0,1211.0,3,2,4,3,0.7289237,0.8469316,4,3,0.899412,0.7776128,4,4,0.94986176,0.9416535
200.0,1200.0,2,3,3,3,0.75187814,0.8009387,4,4,0.52143645,0.9069493,4,4,0.7875514,0.99624014
237.0,1216.0,2,2,3,3,0.56985784,0.6469695,3,3,0.47824764,0.7382051,4,3,0.586021,0.5195712
237.0,1215.0,1,3,1,4,0.5010762,0.5945052,2,4,0.43300575,0.87804604,3,4,0.5424111,0.98514634
255.0,1196.0,2,2,3,2,0.71637416,0.56537277,3,3,0.49398115,0.61495656,4,4,0.8064341,0.6407896
237.0,1214.0,2,2,3,2,0.545019,0.746407,4,3,0.4510387,0.7449907,4,4,0.60737807,0.6369442
255.0,1190.0,0,0,1,1,0.8182985,0.7578237,1,2,0.45398694,0.93165845,2,2,0.5540303,0.8306975
255.0,1195.0,2,2,3,3,0.7363606,0.6489022,4,3,0.53533226,0.5436006,4,4,0.8176008,0.7724302
200.0,1205.0,2,3,3,3,0.72102207,0.6948094,4,4,0.48083198,0.94357467,4,4,0.7726528,0.9991548
186.0,1212.0,3,2,4,2,0.8686339,0.5695558,4,3,0.8749789,0.6788575,4,4,0.96653837,0.75895303
200.0,1206.0,3,3,4,3,0.6738346,0.7866979,4,4,0.9211495,0.9728529,4,4,0.946813,0.99884534
237.0,1224.0,2,2,3,2,0.545019,0.746407,4,3,0.4510387,0.7449907,4,4,0.60737807,0.6369442
234.0,1236.0,4,3,4,3,0.95701426,0.53293884,4,4,0.9679385,0.93078357,4,4,0.98347324,0.99435025
234.0,1235.0,4,2,4,3,0.95701426,0.815201,4,3,0.9679385,0.54771614,4,4,0.98347324,0.7915291
234.0,1234.0,4,3,4,3,0.95701426,0.53293884,4,4,0.9679385,0.93078357,4,4,0.98347324,0.99435025
237.0,1222.0,0,2,1,3,0.6420279,0.5615245,2,4,0.47685152,0.49399406,2,4,0.65879744,0.87053216
237.0,1220.0,2,3,3,4,0.545019,0.49444708,4,4,0.4510387,0.83396536,4,4,0.60737807,0.982249
237.0,1223.0,2,2,3,3,0.5222409,0.5615245,4,4,0.4753267,0.49399406,4,4,0.62447757,0.87053216
237.0,1221.0,2,3,3,4,0.56985784,0.5945052,3,4,0.47824764,0.87804604,4,4,0.586021,0.98514634
231.0,1001.0,2,2,3,3,0.5822002,0.77050316,3,4,0.54286474,0.7485037,4,4,0.6119088,0.96031487
231.0,1000.0,3,2,4,3,0.6698843,0.51751834,4,4,0.72983164,0.6823038,4,4,0.9169462,0.947704
231.0,1009.0,3,2,4,3,0.6316935,0.77050316,4,4,0.7390343,0.7485037,4,4,0.91656446,0.96031487
231.0,1015.0,2,2,3,2,0.57986325,0.6995772,3,4,0.5636389,0.5844194,4,4,0.5444201,0.8517808
242.0,1231.0,4,2,4,3,0.9438188,0.51863414,4,4,0.952245,0.49759537,4,4,0.97887737,0.8305179
242.0,1232.0,4,2,4,3,0.9438188,0.51863414,4,4,0.952245,0.49759537,4,4,0.97887737,0.8305179
237.0,1225.0,1,2,1,3,0.52629894,0.5615245,2,4,0.41876224,0.49399406,3,4,0.5320774,0.87053216
237.0,1219.0,2,3,3,4,0.56985784,0.5945052,3,4,0.47824764,0.87804604,4,4,0.586021,0.98514634
183.0,88.0,1,2,2,2,0.5714251,0.64400256,3,3,0.4559437,0.5812537,3,4,0.47738755,0.4882586
237.0,1217.0,2,3,3,4,0.56985784,0.5945052,3,4,0.47824764,0.87804604,4,4,0.586021,0.98514634
234.0,1241.0,3,2,4,3,0.7631427,0.815201,4,3,0.8885049,0.54771614,4,4,0.9591319,0.7915291
234.0,1238.0,3,3,4,3,0.7631427,0.53293884,4,4,0.8885049,0.93078357,4,4,0.9591319,0.99435025
197.0,1249.0,4,2,4,3,0.78171116,0.69711846,4,3,0.8523511,0.53155875,4,4,0.9362118,0.841618
197.0,1261.0,2,2,3,3,0.5541385,0.69711846,3,3,0.52000463,0.53155875,4,4,0.6292003,0.841618
234.0,1242.0,2,2,3,3,0.50154495,0.7426839,3,4,0.45618713,0.53712994,4,4,0.72418094,0.77682817
197.0,1251.0,1,2,2,3,0.6110662,0.69711846,2,3,0.55598366,0.53155875,3,4,0.341149,0.841618
197.0,1253.0,2,2,3,2,0.5218043,0.52328354,3,3,0.4833743,0.4499605,4,4,0.60071677,0.75888413
197.0,1255.0,3,3,4,3,0.4881365,0.8367079,4,4,0.6992054,0.8880123,4,4,0.9094413,0.9898136
234.0,1243.0,1,2,2,3,0.54223835,0.7426839,2,4,0.54236025,0.53712994,3,4,0.34956792,0.77682817
234.0,1248.0,1,2,2,3,0.62368625,0.753169,2,4,0.5340203,0.6459578,2,4,0.35993117,0.91360414
197.0,1260.0,4,2,4,3,0.78171116,0.69711846,4,3,0.8523511,0.53155875,4,4,0.9362118,0.841618
234.0,1245.0,1,2,2,3,0.54223835,0.7426839,2,4,0.54236025,0.53712994,3,4,0.34956792,0.77682817
234.0,1240.0,2,2,3,3,0.4762491,0.815201,3,3,0.50465876,0.54771614,4,4,0.75599504,0.7915291
234.0,1244.0,2,2,3,3,0.50154495,0.7426839,3,4,0.45618713,0.53712994,4,4,0.72418094,0.77682817
234.0,1239.0,4,3,4,3,0.95701426,0.53293884,4,4,0.9679385,0.93078357,4,4,0.98347324,0.99435025
262.0,1275.0,2,4,3,4,0.650749,0.9985727,4,4,0.6925529,0.99979395,4,4,0.93517345,0.9999738
262.0,1268.0,3,2,4,3,0.8374141,0.6908912,4,4,0.8188484,0.9229578,4,4,0.96296966,0.98956126
261.0,1272.0,4,3,4,4,0.86226094,0.9048898,4,4,0.7573519,0.98687345,4,4,0.89675885,0.9986615
197.0,1285.0,3,2,4,2,0.4881365,0.52328354,4,3,0.6992054,0.4499605,4,4,0.9094413,0.75888413
262.0,1294.0,0,2,1,3,0.7150406,0.6908912,2,4,0.6575178,0.9229578,2,4,0.38895598,0.98956126
262.0,1292.0,0,0,1,1,0.7075103,0.99677557,2,2,0.65042293,0.8897275,2,3,0.382115,0.48108235
197.0,1283.0,2,2,3,3,0.5541385,0.69711846,3,3,0.52000463,0.53155875,4,4,0.6292003,0.841618
261.0,1280.0,3,0,4,1,0.7876453,0.9872974,4,1,0.73681784,0.9555913,4,2,0.93527836,0.54172236
197.0,1282.0,1,2,2,3,0.6110662,0.69711846,2,3,0.55598366,0.53155875,3,4,0.341149,0.841618
262.0,1279.0,3,0,4,1,0.8063248,0.998283,4,2,0.7849593,0.8379615,4,3,0.95800555,0.71011835
264.0,1313.0,0,0,1,1,0.669832,0.9679405,2,2,0.5622904,0.8430766,2,3,0.3703411,0.4059411
263.0,1302.0,3,2,4,2,0.77934855,0.54645044,4,4,0.8783926,0.78242177,4,4,0.9487069,0.9114729
262.0,1303.0,3,0,4,1,0.8374141,0.99438196,4,2,0.8188484,0.84326535,4,3,0.96296966,0.7611811
261.0,1311.0,4,0,4,1,0.85946256,0.98661685,4,1,0.71951497,0.9044227,4,2,0.88889617,0.40070823
261.0,1319.0,0,4,1,4,0.55223686,0.9548798,1,4,0.4563452,0.9707508,2,4,0.36028853,0.99646735
262.0,1316.0,3,2,4,3,0.8063248,0.5278581,4,4,0.7849593,0.9008301,4,4,0.95800555,0.93340605
262.0,1305.0,0,4,1,4,0.7636295,0.82993156,2,4,0.6176904,0.99226063,2,4,0.37112728,0.99774206
264.0,1333.0,0,2,1,3,0.69214535,0.5818664,2,4,0.5846806,0.90316945,2,4,0.40414616,0.9684919
